CÃ“DIGO,C.P.,POBLACION,PROVINCIA,CERCANIAS,FEVE,AVE,numero_estaciones
31412,15008,coruna_a,coruna_a,NO,NO,SI,2
5129,15569,cerdido,coruna_a,NO,SI,NO,2
31303,32570,maside,ourense,NO,NO,NO,1
31205,32540,gudina_a,ourense,NO,NO,NO,1
20213,32350,rua_a,ourense,NO,NO,NO,1
13118,48970,basauri,bizkaia,SI,NO,NO,3
31107,49591,riofrio_de_aliste,zamora,NO,NO,NO,3
15205,33650,mieres,asturias,SI,SI,NO,11
5207,33492,carreno,asturias,NO,SI,NO,7
5957,30399,cartagena,murcia,NO,SI,NO,12
5320,33828,candamo,asturias,NO,SI,NO,3
5604,39011,santander,cantabria,NO,SI,NO,8
72400,8820,prat_de_llobregat_el,barcelona,SI,NO,NO,2
54505,29140,malaga,malaga,SI,NO,NO,8
51205,11407,jerez_de_la_frontera,cadiz,SI,NO,NO,2
98305,28042,madrid,madrid,SI,NO,NO,39
81102,26160,agoncillo,rioja_la,NO,NO,NO,1
69009,3837,agres,alicante,NO,NO,NO,1
5409,33392,gijon,asturias,NO,SI,NO,11
14114,34800,aguilar_de_campoo,palencia,NO,NO,NO,2
78505,8256,aguilar_de_segarra,barcelona,NO,NO,NO,1
7004,30880,aguilas,murcia,SI,NO,NO,2
7007,30880,aguilas,murcia,SI,NO,NO,2
69007,46890,agullent,valencia,NO,NO,NO,1
11212,1200,salvatierra,araba,NO,NO,NO,1
60911,3005,alicante,alicante,SI,NO,SI,3
81210,50630,alagon,zaragoza,NO,NO,NO,1
14112,34480,alar_del_rey,palencia,NO,NO,NO,1
60600,2001,albacete,albacete,NO,NO,SI,1
69006,46860,albaida,valencia,NO,NO,NO,1
65005,46550,albuixech,valencia,SI,NO,NO,1
65308,12570,alcala_de_xivert,castellon,NO,NO,NO,1
70103,28807,alcala_de_henares,madrid,SI,NO,NO,3
70107,28807,alcala_de_henares,madrid,SI,NO,NO,3
81105,26509,alcanadre,rioja_la,NO,NO,NO,1
6008,30820,alcantarilla,murcia,SI,NO,NO,1
60400,13600,alcazar_de_san_juan,ciudad_real,NO,NO,NO,2
19003,28100,san_sebastian_de_los_reyes,madrid,SI,NO,NO,1
69011,3804,alcoy,alicante,NO,NO,NO,1
40121,41359,alcolea_del_rio,sevilla,SI,NO,NO,1
35605,28922,alcorcon,madrid,SI,NO,NO,3
73101,43460,alcover,tarragona,NO,NO,NO,1
66211,46960,aldaia,valencia,SI,NO,NO,1
34014,37350,aldealengua,salamanca,NO,NO,NO,1
11409,20260,alegia,gipuzkoa,SI,NO,NO,1
11210,1240,alegria_dulantzi,araba,NO,NO,NO,1
64203,46910,benetusser,valencia,SI,NO,NO,1
81110,26540,alfaro,rioja_la,NO,NO,NO,1
55020,11207,algeciras,cadiz,NO,NO,NO,1
64105,46680,algemesi,valencia,SI,NO,NO,1
67216,46148,algimia_de_alfara,valencia,SI,NO,NO,1
70502,50230,alhama_de_aragon,zaragoza,NO,NO,NO,1
6002,30840,alhama_de_murcia,murcia,SI,NO,NO,1
54407,29580,cartama,malaga,SI,NO,NO,2
37600,6800,aljucen,badajoz,NO,NO,NO,1
37305,13480,almaden,ciudad_real,NO,NO,NO,1
94004,13270,almagro,ciudad_real,NO,NO,NO,1
60800,2640,almansa,albacete,NO,NO,NO,1
55003,29330,almargen,malaga,NO,NO,NO,1
65209,12550,almazora,castellon,SI,NO,NO,1
84101,42200,almazan,soria,NO,NO,NO,1
65202,12590,almenara,castellon,SI,NO,NO,1
40004,6200,almendralejo,badajoz,NO,NO,NO,1
6100,30893,lorca,murcia,SI,NO,NO,4
56312,4006,almeria,almeria,NO,NO,NO,1
42009,21342,almonaster_la_real,huelva,NO,NO,NO,1
55017,11350,castellar_de_la_frontera,cadiz,NO,NO,NO,1
37400,6614,cabeza_del_buey,badajoz,NO,NO,NO,2
50202,13760,almuradiel,ciudad_real,NO,NO,NO,1
54405,29510,alora,malaga,SI,NO,NO,3
12002,28439,alpedrete,madrid,SI,NO,NO,2
71502,43008,altafulla,tarragona,NO,NO,NO,1
5620,39300,torrelavega,cantabria,NO,SI,NO,7
11300,31800,altsasu,navarra,NO,NO,NO,2
80001,31800,altsasu,navarra,NO,NO,NO,2
35600,28047,madrid,madrid,SI,NO,NO,39
5959,30351,cartagena,murcia,NO,SI,NO,12
64104,46600,alzira,valencia,SI,NO,NO,1
13206,48012,bilbao,bizkaia,SI,SI,NO,14
13101,1470,amurrio,araba,SI,NO,NO,4
13121,1470,amurrio,araba,SI,NO,NO,4
14102,34420,amusco,palencia,NO,NO,NO,1
11505,20140,andoain,gipuzkoa,SI,NO,NO,2
11504,20140,andoain,gipuzkoa,SI,NO,NO,2
50403,23740,andujar,jaen,NO,NO,NO,1
78407,25320,anglesola,lleida,NO,NO,NO,1
11502,20270,anoeta,gipuzkoa,SI,NO,NO,1
5019,29200,antequera,malaga,NO,NO,NO,3
2003,29540,antequera,malaga,NO,NO,SI,3
74208,22830,caldearenas,huesca,NO,NO,NO,2
5119,15563,san_sadurnino,coruna_a,NO,SI,NO,3
1003,41600,arahal,sevilla,NO,NO,NO,1
11213,1208,arraia_maeztu,araba,NO,NO,NO,1
13117,48498,arakaldo,bizkaia,SI,NO,NO,1
5473,48850,zalla,bizkaia,NO,SI,NO,7
5474,48860,zalla,bizkaia,NO,SI,NO,7
60200,28300,aranjuez,madrid,SI,NO,NO,2
67007,50450,muel,zaragoza,NO,NO,NO,1
10001,28023,madrid,madrid,SI,NO,NO,39
13108,48498,arrankudiaga,bizkaia,SI,NO,NO,3
22106,36430,arbo,pontevedra,NO,NO,NO,2
78804,8010,barcelona,barcelona,SI,NO,NO,10
23002,36690,soutomaior,pontevedra,NO,NO,SI,1
61015,30627,archena,murcia,NO,NO,NO,1
70403,42250,arcos_de_jalon,soria,NO,NO,NO,1
22002,27578,sober,lugo,NO,NO,NO,2
14235,39450,arenas_de_iguna,cantabria,SI,NO,NO,2
79600,8350,arenys_de_mar,barcelona,SI,NO,NO,1
13107,1400,laudio,araba,SI,NO,NO,3
10409,5200,arevalo,avila,NO,NO,NO,1
66105,16360,arguisuelas,cuenca,NO,NO,NO,1
5740,9570,arija,burgos,NO,SI,NO,1
70500,50220,ariza,zaragoza,NO,NO,NO,1
5721,9585,valle_de_mena,burgos,NO,SI,NO,4
13109,48498,arrankudiaga,bizkaia,SI,NO,NO,3
55008,29350,arriate,malaga,NO,NO,NO,1
13111,48480,arrigorriaga,bizkaia,SI,NO,NO,2
5543,33540,parres,asturias,NO,SI,NO,6
35402,10910,caceres,caceres,NO,NO,NO,2
5469,48840,guenes,bizkaia,NO,SI,NO,7
5489,48879,artzentales,bizkaia,NO,SI,NO,2
22108,36440,neves_as,pontevedra,NO,NO,NO,1
70002,28018,madrid,madrid,SI,NO,NO,39
71211,43791,asco,tarragona,NO,NO,NO,1
5657,39610,astillero_el,cantabria,NO,SI,NO,4
20100,24700,astorga,leon,NO,NO,NO,1
70504,50200,ateca,zaragoza,NO,NO,NO,1
11513,20013,donostia,gipuzkoa,SI,NO,NO,7
13207,48010,bilbao,bizkaia,SI,NO,NO,14
5768,24849,vecilla_la,leon,NO,SI,NO,3
10400,5001,avila,avila,NO,NO,NO,1
16403,33409,aviles,asturias,SI,SI,NO,6
5221,33402,aviles,asturias,NO,SI,NO,6
74204,22800,ayerbe,huesca,NO,NO,NO,1
70105,19200,azuqueca_de_henares,guadalajara,SI,NO,NO,1
20312,27371,begonte,lugo,NO,NO,NO,1
34012,37330,babilafuente,salamanca,NO,NO,NO,1
37606,6006,badajoz,badajoz,NO,NO,NO,1
79404,8911,badalona,barcelona,SI,NO,NO,1
67015,50491,badules,zaragoza,NO,NO,NO,1
70300,19295,baides,guadalajara,NO,NO,NO,1
5361,33682,mieres,asturias,NO,SI,NO,11
13115,48498,arrankudiaga,bizkaia,SI,NO,NO,3
77106,8554,balenya,barcelona,SI,NO,NO,1
77107,8554,seva,barcelona,SI,NO,NO,1
5263,33158,cudillero,asturias,NO,SI,NO,11
5483,48800,balmaseda,bizkaia,NO,SI,NO,2
5565,33595,llanes,asturias,NO,SI,NO,11
61303,30591,torre_pacheco,murcia,NO,NO,NO,2
21007,15528,fene,coruna_a,NO,NO,NO,2
22101,32450,cenlle,ourense,NO,NO,NO,1
78705,8210,barbera_del_valles,barcelona,SI,NO,NO,1
79009,8026,barcelona,barcelona,SI,NO,NO,10
79400,8003,barcelona,barcelona,SI,NO,NO,10
71802,8007,barcelona,barcelona,SI,NO,NO,10
79004,8030,barcelona,barcelona,SI,NO,NO,10
71801,8014,barcelona,barcelona,SI,NO,SI,10
14206,39420,barcena_de_pie_de_concha,cantabria,SI,NO,NO,2
5273,33787,valdes,asturias,NO,SI,NO,7
22006,32950,coles,ourense,NO,NO,NO,1
67208,12420,barracas,castellon,NO,NO,NO,1
5619,39300,torrelavega,cantabria,NO,SI,NO,7
5441,33970,laviana,asturias,NO,SI,NO,2
5183,27792,barreiros,lugo,NO,SI,NO,2
20006,24394,valderrey,leon,NO,NO,NO,1
5764,24877,ercina_la,leon,NO,SI,NO,3
5805,24852,bonar,leon,NO,SI,NO,2
16006,33934,langreo,asturias,SI,NO,NO,9
13112,48970,basauri,bizkaia,SI,NO,NO,3
5455,48013,bilbao,bizkaia,NO,SI,NO,14
11404,20200,beasain,gipuzkoa,SI,NO,NO,1
15003,34310,becerril_de_campos,palencia,NO,NO,NO,1
5323,33129,pravia,asturias,NO,SI,NO,6
51111,41703,sevilla,sevilla,SI,NO,NO,10
78402,25220,bell_lloc_d_urgell,lleida,NO,NO,NO,1
78406,25250,bellpuig,lleida,NO,NO,NO,1
71708,8901,hospitalet_de_llobregat_l_,barcelona,SI,NO,NO,2
42019,21500,san_bartolome_de_la_torre,huelva,NO,NO,NO,1
5557,33591,llanes,asturias,NO,SI,NO,11
20111,24300,bembibre,leon,NO,NO,NO,1
43005,41805,benacazon,sevilla,SI,NO,NO,1
54511,29631,benalmadena,malaga,SI,NO,NO,2
56103,18510,benalua,granada,NO,NO,NO,1
55010,29370,benaojan,malaga,NO,NO,NO,1
5415,33937,siero,asturias,NO,SI,NO,17
65311,12580,benicarlo,castellon,NO,NO,NO,1
65318,12560,benicasim,castellon,NO,NO,NO,1
62001,30130,beniel,murcia,SI,NO,NO,1
64107,46450,benifaio,valencia,SI,NO,NO,1
69002,46830,beniganim,valencia,NO,NO,NO,1
5677,39730,hazas_de_cesto,cantabria,NO,SI,NO,1
5730,9569,espinosa_de_los_monteros,burgos,NO,SI,NO,4
21001,15319,betanzos,coruna_a,NO,NO,NO,2
20400,15319,betanzos,coruna_a,NO,NO,NO,2
5605,39100,santa_cruz_de_bezana,cantabria,NO,SI,NO,2
13113,48970,basauri,bizkaia,SI,NO,NO,3
5165,27890,cervo,lugo,NO,SI,NO,3
5451,48003,bilbao,bizkaia,NO,SI,NO,14
11503,20150,villabona,gipuzkoa,SI,NO,NO,1
78302,22500,binefar,huesca,NO,NO,NO,1
79606,17300,blanes,girona,SI,NO,NO,1
5439,33960,san_martin_del_rey_aurelio,asturias,NO,SI,NO,7
54400,29540,antequera,malaga,NO,NO,NO,3
5480,48860,zalla,bizkaia,NO,SI,NO,7
5766,24850,bonar,leon,NO,SI,NO,2
14219,39691,astillero_el,cantabria,SI,NO,NO,4
5609,39478,pielagos,cantabria,NO,SI,NO,5
79302,17462,bordils,girona,NO,NO,NO,1
77112,8571,sant_vicenc_de_torello,barcelona,SI,NO,NO,1
20104,24360,villagaton,leon,NO,NO,NO,1
37302,13450,brazatortas,ciudad_real,NO,NO,NO,1
50702,41310,brenes,sevilla,SI,NO,NO,1
11305,20220,onati,gipuzkoa,SI,NO,NO,1
11109,9240,briviesca,burgos,NO,NO,NO,1
70503,50239,bubierca,zaragoza,NO,NO,NO,1
69005,46891,bufali,valencia,NO,NO,NO,1
66206,46370,bunol,valencia,SI,NO,NO,3
5171,27880,burela,lugo,NO,SI,NO,1
11014,9006,burgos,burgos,NO,NO,NO,1
65207,12530,borriana,castellon,SI,NO,NO,1
15113,24690,villamanin,leon,NO,NO,NO,2
21005,15621,cabanas,coruna_a,NO,NO,NO,1
5385,33686,aller,asturias,NO,SI,NO,9
31109,49592,riofrio_de_aliste,zamora,NO,NO,NO,3
81209,50638,cabanas_de_ebro,zaragoza,NO,NO,NO,1
5739,9572,valle_de_valdebezana,burgos,NO,SI,NO,2
37311,6600,cabeza_del_buey,badajoz,NO,NO,NO,2
5637,39500,cabezon_de_la_sal,cantabria,NO,SI,NO,4
10602,47260,cabezon_de_pisuerga,valladolid,NO,NO,NO,1
5377,33684,aller,asturias,NO,SI,NO,9
56009,23590,cabra_del_santo_cristo,jaen,NO,NO,NO,1
79412,8349,vilassar_de_mar,barcelona,SI,NO,NO,2
35400,10005,caceres,caceres,NO,NO,NO,2
5727,9589,valle_de_mena,burgos,NO,SI,NO,4
5267,33788,valdes,asturias,NO,SI,NO,7
51405,11006,cadiz,cadiz,SI,NO,SI,5
78503,8280,calaf,barcelona,NO,NO,NO,2
71601,43820,calafell,tarragona,SI,NO,NO,2
81108,26500,calahorra,rioja_la,NO,NO,NO,1
67021,44200,calamocha,teruel,NO,NO,NO,4
40002,6810,calamonte,badajoz,NO,NO,NO,1
42015,21300,calanas,huelva,NO,NO,NO,3
61009,30420,calasparra,murcia,NO,NO,NO,1
70600,50300,calatayud,zaragoza,NO,NO,SI,2
70701,50280,calatorao,zaragoza,NO,NO,NO,1
74209,22624,caldearenas,huesca,NO,NO,NO,2
22110,36729,tui,pontevedra,NO,NO,NO,3
79203,17455,caldes_de_malavella,girona,NO,NO,NO,1
79502,8393,caldes_d_estrac,barcelona,SI,NO,NO,1
79603,8370,calella,barcelona,SI,NO,NO,1
62003,3360,callosa_de_segura,alicante,SI,NO,NO,1
15401,33211,gijon,asturias,SI,NO,NO,11
79305,17465,saus_camallera_i_llampaies,girona,NO,NO,NO,1
5555,33568,ribadesella,asturias,NO,SI,NO,5
65403,43894,camarles,tarragona,NO,NO,NO,1
43002,41900,camas,sevilla,SI,NO,NO,1
20403,15660,cambre,coruna_a,NO,NO,NO,2
65409,43850,cambrils,tarragona,NO,NO,NO,1
67100,44350,caminreal,teruel,NO,NO,NO,1
4104,43765,tarragona,tarragona,NO,NO,SI,2
37404,6460,campanario,badajoz,NO,NO,NO,1
54410,29196,malaga,malaga,SI,NO,NO,8
77301,17530,campdevanol,girona,SI,NO,NO,1
32001,47460,campillo_el,valladolid,NO,NO,NO,1
55001,29320,campillos,malaga,NO,NO,NO,1
60402,13610,campo_de_criptana,ciudad_real,NO,NO,NO,1
5789,24849,vecilla_la,leon,NO,SI,NO,3
15120,33620,lena,asturias,SI,NO,NO,7
66112,46330,camporrobles,valencia,NO,NO,NO,1
65401,43897,tortosa,tarragona,NO,NO,NO,2
50417,14014,cordoba,cordoba,NO,NO,NO,2
22001,27440,sober,lugo,NO,NO,NO,2
16302,33470,corvera_de_asturias,asturias,SI,NO,NO,6
5211,33430,carreno,asturias,NO,SI,NO,7
5210,33430,carreno,asturias,NO,SI,NO,7
5271,33787,valdes,asturias,NO,SI,NO,7
79601,8360,canet_de_mar,barcelona,SI,NO,NO,1
74217,22880,canfranc,huesca,NO,NO,NO,1
5173,27892,foz,lugo,NO,SI,NO,5
51112,41702,dos_hermanas,sevilla,SI,NO,NO,2
32004,37400,cantalapiedra,salamanca,NO,NO,NO,1
50701,41320,cantillana,sevilla,SI,NO,NO,1
66103,16340,canada_del_hoyo,cuenca,NO,NO,NO,1
35303,10820,canaveral,caceres,NO,NO,NO,1
71302,43776,capcanes,tarragona,NO,NO,NO,1
5529,33520,nava,asturias,NO,SI,NO,5
31104,49160,carbajales_de_alba,zamora,NO,NO,NO,1
5417,33936,siero,asturias,NO,SI,NO,17
66104,16350,carboneras_de_guadazaon,cuenca,NO,NO,NO,1
64103,46740,carcaixent,valencia,SI,NO,NO,1
79101,8440,cardedeu,barcelona,SI,NO,NO,1
34002,5320,cardenosa,avila,NO,NO,NO,1
67010,50400,carinena,zaragoza,NO,NO,NO,1
70208,19247,espinosa_de_henares,guadalajara,NO,NO,NO,2
43008,41820,carrion_de_los_cespedes,sevilla,NO,NO,NO,1
5435,33945,san_martin_del_rey_aurelio,asturias,NO,SI,NO,7
61307,30203,cartagena,murcia,NO,NO,NO,12
5951,30202,cartagena,murcia,NO,SI,NO,12
54408,29580,cartama,malaga,SI,NO,NO,2
5289,33719,coana,asturias,NO,SI,NO,3
51050,41092,sevilla,sevilla,SI,NO,NO,10
54513,29640,fuengirola,malaga,SI,NO,NO,4
5631,39591,cabezon_de_la_sal,cantabria,NO,SI,NO,4
35302,10592,casas_de_millan,caceres,NO,NO,NO,1
35207,10520,casatejada,caceres,NO,NO,NO,1
4040,50011,zaragoza,zaragoza,SI,NO,SI,5
71204,50700,caspe,zaragoza,NO,NO,NO,2
81200,31590,castejon,navarra,NO,NO,NO,1
78605,8296,castellbell_i_el_vilar,barcelona,SI,NO,NO,1
72210,8755,castellbisbal,barcelona,SI,NO,NO,1
71705,8860,castelldefels,barcelona,SI,NO,NO,2
78405,25265,castellnou_de_seana,lleida,NO,NO,NO,1
65300,12006,castellon_de_la_plana,castellon,SI,NO,NO,1
74214,22710,castiello_de_jaca,huesca,NO,NO,NO,1
66013,16541,huete,cuenca,NO,NO,NO,2
60202,28300,aranjuez,madrid,NO,NO,NO,2
5750,34850,castrejon_de_la_pena,palencia,NO,SI,NO,1
5299,33769,castropol,asturias,NO,SI,NO,5
37402,6420,castuera,badajoz,NO,NO,NO,1
64201,46470,catarroja,valencia,SI,NO,NO,1
23009,36612,catoira,pontevedra,NO,NO,NO,1
5371,33619,mieres,asturias,NO,SI,NO,11
60901,2660,caudete,albacete,NO,NO,NO,1
67211,12440,caudiel,castellon,SI,NO,NO,1
40113,41370,cazalla_de_la_sierra,sevilla,SI,NO,NO,1
5603,39011,santander,cantabria,NO,SI,NO,8
20402,15650,cambre,coruna_a,NO,NO,NO,2
5527,33582,nava,asturias,NO,SI,NO,5
5667,39724,medio_cudeyo,cantabria,NO,SI,NO,4
67107,44370,cella,teruel,NO,NO,NO,1
5567,33595,llanes,asturias,NO,SI,NO,11
79301,17460,celra,girona,NO,NO,NO,1
77105,8540,centelles,barcelona,SI,NO,NO,1
5204,33211,gijon,asturias,NO,SI,NO,11
31416,15188,cerceda,coruna_a,NO,NO,SI,1
12006,28470,cercedilla,madrid,SI,NO,NO,2
78706,8290,cerdanyola_del_valles,barcelona,SI,NO,NO,2
72503,8290,cerdanyola_del_valles,barcelona,SI,NO,NO,2
5127,15563,cerdido,coruna_a,NO,SI,NO,2
5799,24893,prado_de_la_guzpena,leon,NO,SI,NO,3
78500,25200,cervera,lleida,NO,NO,NO,1
23001,36693,redondela,pontevedra,NO,NO,NO,4
20319,15391,oza_cesuras,coruna_a,NO,NO,NO,3
70501,50292,cetina,zaragoza,NO,NO,NO,1
66208,46380,cheste,valencia,SI,NO,NO,1
65204,12592,chilches,castellon,SI,NO,NO,1
66016,16190,chillaron_de_cuenca,cuenca,NO,NO,NO,1
66207,46370,chiva,valencia,SI,NO,NO,1
16010,33900,langreo,asturias,SI,NO,NO,9
5431,33900,langreo,asturias,NO,SI,NO,9
5681,39790,barcena_de_cicero,cantabria,NO,SI,NO,3
60105,28350,ciempozuelos,madrid,SI,NO,NO,1
61012,30530,cieza,murcia,NO,NO,NO,1
5747,34829,barruelo_de_santullan,palencia,NO,SI,NO,1
50002,13720,alcazar_de_san_juan,ciudad_real,NO,NO,NO,2
66210,46380,bunol,valencia,SI,NO,NO,3
15006,34320,cisneros,palencia,NO,NO,NO,1
5761,24800,cistierna,leon,NO,SI,NO,2
37200,13005,ciudad_real,ciudad_real,NO,NO,SI,1
33013,37500,ciudad_rodrigo,salamanca,NO,NO,NO,1
69010,3820,cocentaina,alicante,NO,NO,NO,1
5477,48860,guenes,bizkaia,NO,SI,NO,7
79314,17496,colera,girona,NO,NO,NO,1
12004,28450,collado_mediano,madrid,SI,NO,NO,1
5389,33680,aller,asturias,NO,SI,NO,9
5505,33010,siero,asturias,NO,SI,NO,17
17005,28770,colmenar_viejo,madrid,SI,NO,NO,1
5579,33590,ribadedeva,asturias,NO,SI,NO,1
10603,47281,corcos,valladolid,NO,NO,NO,1
50500,14011,cordoba,cordoba,NO,NO,SI,2
5382,33686,aller,asturias,NO,SI,NO,9
72303,8940,cornella_de_llobregat,barcelona,SI,NO,NO,1
51407,11011,cadiz,cadiz,SI,NO,NO,5
55012,29391,cortes_de_la_frontera,malaga,NO,NO,NO,1
81205,31530,cortes,navarra,NO,NO,NO,1
70108,21820,coslada,madrid,SI,NO,NO,1
20207,32141,rubia,ourense,NO,NO,NO,2
5153,27861,viveiro,lugo,NO,SI,NO,3
34007,5300,crespos,avila,NO,NO,NO,1
62101,3330,crevillent,alicante,SI,NO,NO,1
5220,33401,aviles,asturias,NO,SI,NO,6
35603,28024,madrid,madrid,SI,NO,NO,39
71604,8880,cubelles,barcelona,SI,NO,NO,1
10604,47290,cubillas_de_santa_marta,valladolid,NO,NO,NO,1
5245,33159,cudillero,asturias,NO,SI,NO,11
66100,16004,cuenca,cuenca,NO,NO,SI,2
3208,16004,cuenca,cuenca,NO,NO,NO,2
67018,44495,calamocha,teruel,NO,NO,NO,4
5549,33500,ribadesella,asturias,NO,SI,NO,5
66014,16542,villar_y_velasco,cuenca,NO,NO,NO,1
69104,46400,cullera,valencia,SI,NO,NO,1
42006,21380,cumbres_mayores,huelva,NO,NO,NO,1
71603,43881,cunit,tarragona,SI,NO,NO,1
20317,15310,curtis,coruna_a,NO,NO,NO,2
5420,33936,siero,asturias,NO,SI,NO,17
94002,13250,daimiel,ciudad_real,NO,NO,NO,1
18004,28045,madrid,madrid,SI,NO,NO,39
13400,48901,barakaldo,bizkaia,SI,NO,NO,2
35702,28026,madrid,madrid,SI,NO,NO,39
37407,6400,don_benito,badajoz,NO,NO,NO,1
51103,41701,dos_hermanas,sevilla,SI,NO,NO,2
5736,9574,merindad_de_valdeporres,burgos,NO,SI,NO,3
10605,34210,duenas,palencia,NO,NO,NO,1
71305,43773,argentera_l_,tarragona,NO,NO,NO,1
5644,39549,san_vicente_de_la_barquera,cantabria,NO,SI,NO,2
10010,28224,pozuelo_de_alarcon,madrid,SI,NO,NO,2
5509,33186,siero,asturias,NO,SI,NO,17
15012,24343,burgo_ranero_el,leon,NO,NO,NO,1
15210,33171,oviedo,asturias,SI,NO,NO,15
50704,41300,rinconada_la,sevilla,SI,NO,NO,2
32002,47470,carpio,valladolid,NO,NO,NO,1
14117,34410,monzon_de_campos,palencia,NO,NO,NO,2
60109,28903,getafe,madrid,SI,NO,NO,5
54403,29552,alora,malaga,NO,NO,NO,3
42018,21300,calanas,huelva,NO,NO,NO,3
16011,33948,san_martin_del_rey_aurelio,asturias,SI,NO,NO,7
5433,33946,san_martin_del_rey_aurelio,asturias,NO,SI,NO,7
10203,28280,escorial_el,madrid,SI,NO,NO,2
12010,40400,espinar_el,segovia,NO,NO,NO,3
5971,30381,cartagena,murcia,NO,SI,NO,12
17003,28049,madrid,madrid,SI,NO,NO,39
79407,8320,masnou_el,barcelona,SI,NO,NO,2
72211,8754,papiol_el,barcelona,SI,NO,NO,1
5232,33126,soto_del_barco,asturias,NO,SI,NO,3
32006,37410,pedroso_de_la_armuna_el,salamanca,NO,NO,NO,1
10209,28296,santa_maria_de_la_alameda,madrid,NO,NO,NO,2
54510,29620,torremolinos,malaga,SI,NO,NO,5
5244,33159,cudillero,asturias,NO,SI,NO,11
70003,28031,madrid,madrid,SI,NO,NO,39
71707,8820,prat_de_llobregat_el,barcelona,SI,NO,NO,2
65007,46540,puig_de_santa_maria_el,valencia,SI,NO,NO,1
66203,46340,requena,valencia,SI,NO,NO,4
5521,33529,siero,asturias,NO,SI,NO,17
69101,46439,sollana,valencia,SI,NO,NO,2
60207,45770,romeral_el,toledo,NO,NO,NO,1
42013,21320,cerro_de_andevalo_el,huelva,NO,NO,NO,1
72201,43700,vendrell_el,tarragona,SI,NO,NO,2
60905,3600,elda,alicante,NO,NO,NO,1
71301,43777,guiamets_els,tarragona,NO,NO,NO,1
72203,8730,santa_margarida_i_els_monjos,barcelona,SI,NO,NO,1
20410,15190,coruna_a,coruna_a,NO,NO,NO,2
62102,3201,elche,alicante,SI,NO,NO,3
62103,3202,elche,alicante,SI,NO,NO,3
35609,28012,madrid,madrid,SI,NO,NO,39
70602,50336,calatayud,zaragoza,NO,NO,NO,2
67011,50470,encinacorba,zaragoza,NO,NO,NO,1
5125,15564,moeche,coruna_a,NO,SI,NO,3
70703,50290,epila,zaragoza,NO,NO,NO,1
35107,45540,erustes,toledo,NO,NO,NO,1
43009,21870,escacena_del_campo,huelva,NO,NO,NO,1
5141,15339,ortigueira,coruna_a,NO,SI,NO,7
50400,23628,espeluy,jaen,NO,NO,NO,1
70207,19292,espinosa_de_henares,guadalajara,NO,NO,NO,2
5732,9560,espinosa_de_los_monteros,burgos,NO,SI,NO,4
14108,34491,espinosa_de_villagonzalo,palencia,NO,NO,NO,1
51409,11010,cadiz,cadiz,SI,NO,NO,5
51051,41970,sevilla,sevilla,SI,NO,NO,10
5187,27795,ribadeo,lugo,NO,SI,NO,4
67221,46590,estivella,valencia,SI,NO,NO,1
80003,31820,etxarri_aranatz,navarra,NO,NO,NO,1
71206,50793,fabara,zaragoza,NO,NO,NO,1
71208,43783,pobla_de_massaluca_la,tarragona,NO,NO,NO,1
35601,28044,madrid,madrid,SI,NO,NO,39
5177,27789,foz,lugo,NO,SI,NO,5
81106,31580,lodosa,navarra,NO,NO,NO,1
5109,15570,naron,coruna_a,NO,SI,NO,9
67017,44490,ferreruela_de_huerva,teruel,NO,NO,NO,1
31106,49550,ferreruela,zamora,NO,NO,NO,1
21010,15407,ferrol,coruna_a,NO,SI,NO,2
16301,33470,llanera,asturias,SI,NO,NO,4
5373,33683,mieres,asturias,NO,SI,NO,11
77103,8530,figaro_montmany,barcelona,SI,NO,NO,1
79309,17600,figueres,girona,NO,NO,SI,2
4307,17740,figueres,girona,NO,NO,NO,2
22103,36420,crecente,pontevedra,NO,NO,NO,3
56301,4500,finana,almeria,NO,NO,NO,1
79303,17463,flaca,girona,NO,NO,NO,1
71210,43750,flix,tarragona,NO,NO,NO,1
5151,27860,vicedo_o,lugo,NO,SI,NO,3
5508,33199,siero,asturias,NO,SI,NO,17
79205,17458,fornells_de_la_selva,girona,NO,NO,NO,1
5181,27788,foz,lugo,NO,SI,NO,5
42005,6340,fregenal_de_la_sierra,badajoz,NO,NO,NO,1
32003,47480,fresno_el_viejo,valladolid,NO,NO,NO,1
22104,36428,crecente,pontevedra,NO,NO,NO,3
14104,34440,fromista,palencia,NO,NO,NO,1
17001,28034,madrid,madrid,SI,NO,NO,39
54516,29640,fuengirola,malaga,SI,NO,NO,4
35002,28944,fuenlabrada,madrid,SI,NO,NO,2
98003,28050,madrid,madrid,SI,NO,NO,39
40107,6980,fuente_del_arco,badajoz,NO,NO,NO,1
5525,33529,nava,asturias,NO,SI,NO,5
5545,33586,parres,asturias,NO,SI,NO,6
71103,50740,fuentes_de_ebro,zaragoza,NO,NO,NO,1
33016,37481,fuentes_de_onoro,salamanca,NO,NO,NO,1
56308,4560,gador,almeria,NO,NO,NO,1
10104,28420,galapagar,madrid,SI,NO,NO,2
13501,48910,sestao,bizkaia,SI,NO,NO,3
13508,48530,abanto_y_ciervana_abanto_zierbena,bizkaia,SI,NO,NO,2
81206,50650,gallur,zaragoza,NO,NO,NO,1
5679,39790,barcena_de_cicero,cantabria,NO,SI,NO,3
69110,46700,gandia,valencia,SI,NO,NO,2
5622,39300,torrelavega,cantabria,NO,SI,NO,7
71703,8871,sitges,barcelona,SI,NO,NO,2
5774,24891,garrafe_de_torio,leon,NO,SI,NO,6
37611,6870,garrovilla_la,badajoz,NO,NO,NO,1
55013,29490,gaucin,malaga,NO,NO,NO,1
71706,8850,gava,barcelona,SI,NO,NO,1
72208,8790,gelida,barcelona,SI,NO,NO,1
69001,46894,genoves,valencia,NO,NO,NO,1
56305,4458,gergal,almeria,NO,NO,NO,1
37002,28902,getafe,madrid,SI,NO,NO,5
60102,28903,getafe,madrid,SI,NO,NO,5
37011,28901,getafe,madrid,SI,NO,NO,5
5691,39809,ramales_de_la_victoria,cantabria,NO,SI,NO,1
42020,21500,gibraleon,huelva,NO,NO,NO,1
15410,33207,gijon,asturias,SI,SI,NO,11
67223,46149,gilet,valencia,SI,NO,NO,1
79300,17002,girona,girona,NO,NO,SI,1
5629,39590,reocin,cantabria,NO,SI,NO,3
78404,25241,golmes,lleida,NO,NO,NO,1
32008,37420,gomecello,salamanca,NO,NO,NO,1
5613,39318,miengo,cantabria,NO,SI,NO,2
5317,33828,grado,asturias,NO,SI,NO,4
15008,24340,grajal_de_campos,leon,NO,NO,NO,1
5000,18014,granada,granada,NO,NO,NO,1
77006,8400,granollers,barcelona,SI,NO,NO,2
79100,8400,granollers,barcelona,SI,NO,NO,2
78201,22260,granen,huesca,NO,NO,NO,1
15001,34192,grijota,palencia,NO,NO,NO,1
70706,50297,grisen,zaragoza,NO,NO,NO,1
11512,20001,donostia,gipuzkoa,SI,NO,NO,7
50602,41339,carmona,sevilla,SI,NO,NO,1
70200,19004,guadalajara,guadalajara,SI,NO,NO,2
4007,19000,guadalajara,guadalajara,NO,NO,SI,2
40108,41390,guadalcanal,sevilla,NO,NO,NO,1
54503,29004,malaga,malaga,SI,NO,NO,8
37308,13490,guadalmez,ciudad_real,NO,NO,NO,1
37604,6186,guadiana_del_caudillo,badajoz,NO,NO,NO,1
56200,18500,guadix,granada,NO,NO,NO,1
79105,8470,gualba,barcelona,SI,NO,NO,1
5754,34880,guardo,palencia,NO,SI,NO,2
5753,34880,guardo,palencia,NO,SI,NO,2
37410,6470,guarena,badajoz,NO,NO,NO,1
14218,39611,astillero_el,cantabria,SI,NO,NO,4
12008,40400,espinar_el,segovia,NO,NO,NO,3
5216,33460,corvera_de_asturias,asturias,NO,SI,NO,6
5471,48840,guenes,bizkaia,NO,SI,NO,7
22200,36720,tui,pontevedra,NO,NO,NO,3
10302,5004,tornadizos_de_avila,avila,NO,NO,NO,1
20314,27300,guitiriz,lugo,NO,NO,NO,2
81002,26200,haro,rioja_la,NO,NO,NO,1
61005,2400,hellin,albacete,NO,NO,NO,1
5661,39792,medio_cudeyo,cantabria,NO,SI,NO,4
11508,20120,hernani,gipuzkoa,SI,NO,NO,2
11507,20120,hernani,gipuzkoa,SI,NO,NO,2
10300,5294,herradon_de_pinares,avila,NO,NO,NO,1
11514,20017,donostia,gipuzkoa,SI,NO,NO,7
14111,34400,herrera_de_pisuerga,palencia,NO,NO,NO,1
5952,30202,cartagena,murcia,NO,SI,NO,12
5784,24008,leon,leon,NO,SI,NO,5
79107,17450,hostalric,girona,SI,NO,NO,1
5675,39794,ribamontan_al_monte,cantabria,NO,SI,NO,2
43019,21003,huelva,huelva,NO,NO,NO,1
74200,22005,huesca,huesca,NO,NO,SI,1
66011,16500,huete,cuenca,NO,NO,NO,2
35012,28970,humanes_de_madrid,madrid,SI,NO,NO,1
70204,19229,humanes,guadalajara,NO,NO,NO,1
5479,48860,zalla,bizkaia,NO,SI,NO,7
11408,20267,ikaztegieta,gipuzkoa,SI,NO,NO,1
35005,45200,illescas,toledo,NO,NO,NO,1
5533,33530,pilona,asturias,NO,SI,NO,4
5534,33530,pilona,asturias,NO,SI,NO,4
13200,48008,bilbao,bizkaia,SI,NO,NO,14
11522,20015,donostia,gipuzkoa,SI,NO,NO,7
13116,1470,amurrio,araba,SI,NO,NO,4
5461,48810,alonsotegi,bizkaia,NO,SI,NO,1
11600,20301,irun,gipuzkoa,SI,NO,NO,2
11406,20249,itsasondo,gipuzkoa,SI,NO,NO,1
57003,18550,iznalloz,granada,NO,NO,NO,1
42008,21360,jabugo,huelva,NO,NO,NO,1
74213,22700,jaca,huesca,NO,NO,NO,1
70209,19240,jadraque,guadalajara,NO,NO,NO,1
3100,23007,jaen,jaen,NO,NO,NO,1
7003,4648,pulpi,almeria,SI,NO,NO,2
51113,41014,sevilla,sevilla,SI,NO,NO,10
51300,11401,jerez_de_la_frontera,cadiz,SI,NO,SI,2
67212,12450,jerica,castellon,SI,NO,NO,1
55015,11339,jimena_de_la_frontera,cadiz,NO,NO,NO,2
55011,29392,jimera_de_libar,malaga,NO,NO,NO,1
56004,23400,jodar,jaen,NO,NO,NO,1
73002,25430,juneda,lleida,NO,NO,NO,1
5497,48890,karrantza_harana,bizkaia,NO,SI,NO,1
5460,48013,bilbao,bizkaia,NO,SI,NO,14
5301,33013,oviedo,asturias,NO,SI,NO,15
5803,24003,leon,leon,NO,SI,NO,5
5485,48800,balmaseda,bizkaia,NO,SI,NO,2
5658,39610,astillero_el,cantabria,NO,SI,NO,4
5291,33746,franco_el,asturias,NO,SI,NO,1
5511,33519,siero,asturias,NO,SI,NO,17
5669,39720,riotuerto,cantabria,NO,SI,NO,1
15121,33630,lena,asturias,SI,NO,NO,7
54508,29620,torremolinos,malaga,SI,NO,NO,5
15217,33011,oviedo,asturias,SI,SI,NO,15
5798,24860,vegaquemada,leon,NO,SI,NO,3
60900,3408,villena,alicante,NO,NO,NO,3
5763,24870,ercina_la,leon,NO,SI,NO,3
5961,30369,union_la,murcia,NO,SI,NO,4
5756,24889,valderrueda,leon,NO,SI,NO,3
77114,17532,llosses_les,girona,SI,NO,NO,1
16008,33930,langreo,asturias,SI,NO,NO,9
5425,33930,langreo,asturias,NO,SI,NO,9
73004,25413,floresta_la,lleida,NO,NO,NO,1
5411,33189,siero,asturias,NO,SI,NO,17
15119,33629,lena,asturias,SI,NO,NO,7
70111,28806,alcala_de_henares,madrid,SI,NO,NO,3
77102,8530,garriga_la,barcelona,SI,NO,NO,1
60507,2110,gineta_la,albacete,NO,NO,NO,1
72205,8792,granada_la,barcelona,SI,NO,NO,1
20106,24378,torre_del_bierzo,leon,NO,NO,NO,2
5481,48860,zalla,bizkaia,NO,SI,NO,7
6004,30816,lorca,murcia,SI,NO,NO,4
13402,48910,sestao,bizkaia,SI,NO,NO,3
79011,8120,llagosta_la,barcelona,SI,NO,NO,1
5755,24893,prado_de_la_guzpena,leon,NO,SI,NO,3
65203,12591,llosa_la,castellon,SI,NO,NO,1
5765,24860,vegaquemada,leon,NO,SI,NO,3
5249,33155,cudillero,asturias,NO,SI,NO,11
5793,24852,vegaquemada,leon,NO,SI,NO,3
77306,17537,alp,girona,SI,NO,NO,2
43011,21700,palma_del_condado_la,huelva,NO,NO,NO,1
13119,48003,bilbao,bizkaia,SI,NO,NO,14
15206,33682,mieres,asturias,SI,SI,NO,11
73100,43491,valls,tarragona,NO,NO,NO,2
69003,46840,pobla_del_duc_la,valencia,NO,NO,NO,1
64102,46670,pobla_llarga_la,valencia,SI,NO,NO,1
15108,24600,pola_de_gordon_la,leon,NO,NO,NO,2
11204,9294,condado_de_trevino,burgos,NO,NO,NO,1
71200,44510,puebla_de_hijar_la,teruel,NO,NO,NO,1
5465,48820,guenes,bizkaia,NO,SI,NO,7
5794,24193,villaquilambre,leon,NO,SI,NO,5
73010,43450,riba_la,tarragona,NO,NO,NO,1
50703,41300,rinconada_la,sevilla,SI,NO,NO,2
15106,24640,robla_la,leon,NO,NO,NO,1
16402,33403,aviles,asturias,SI,NO,NO,6
60505,2630,roda_la,albacete,NO,NO,NO,1
78806,8027,barcelona,barcelona,SI,NO,NO,10
73102,43470,selva_del_camp_la,tarragona,NO,NO,NO,1
35010,28945,fuenlabrada,madrid,SI,NO,NO,2
5965,30360,union_la,murcia,NO,SI,NO,4
5963,30360,union_la,murcia,NO,SI,NO,4
5769,24839,matallana_de_torio,leon,NO,SI,NO,5
5767,24840,vecilla_la,leon,NO,SI,NO,3
71108,50784,zaida_la,zaragoza,NO,NO,NO,1
5123,15564,moeche,coruna_a,NO,SI,NO,3
5163,27878,xove,lugo,NO,SI,NO,4
35608,28047,madrid,madrid,SI,NO,NO,39
64006,46690,alcudia_de_crespins_l_,valencia,SI,NO,NO,1
65402,43896,aldea_l_,tarragona,NO,NO,NO,1
31308,36519,lalin,pontevedra,NO,NO,NO,1
5117,15562,san_sadurnino,coruna_a,NO,SI,NO,3
5470,48840,guenes,bizkaia,NO,SI,NO,7
65405,43860,ametlla_de_mar_l_,tarragona,NO,NO,NO,1
65404,43895,ampolla_l_,tarragona,NO,NO,NO,1
14203,39490,santiurde_de_reinosa,cantabria,SI,NO,NO,1
72202,43702,arboc_l_,tarragona,SI,NO,NO,1
35602,28044,madrid,madrid,SI,NO,NO,39
51415,11510,puerto_real,cadiz,SI,NO,NO,3
51202,41730,cabezas_de_san_juan_las,sevilla,SI,NO,NO,1
14211,39460,corrales_de_buelna_los,cantabria,SI,NO,NO,3
5302,33012,castropol,asturias,NO,SI,NO,5
5297,33768,castropol,asturias,NO,SI,NO,5
66113,46313,utiel,valencia,NO,NO,NO,2
14209,39450,arenas_de_iguna,cantabria,SI,NO,NO,2
37010,28903,getafe,madrid,SI,NO,NO,5
10101,28290,rozas_de_madrid_las,madrid,SI,NO,NO,3
5303,33004,oviedo,asturias,NO,SI,NO,15
54404,29593,alora,malaga,NO,NO,NO,3
10207,5230,navas_del_marques_las,avila,NO,NO,NO,1
35610,28922,alcorcon,madrid,SI,NO,NO,3
10005,28230,rozas_de_madrid_las,madrid,SI,NO,NO,3
5742,39213,rozas_de_valdearroyo_las,cantabria,NO,SI,NO,2
15209,33171,ribera_de_arriba,asturias,SI,NO,NO,3
10202,28292,escorial_el,madrid,SI,NO,NO,2
72206,8739,subirats,barcelona,SI,NO,NO,1
5443,33989,laviana,asturias,NO,SI,NO,2
51203,41740,lebrija,sevilla,SI,NO,NO,1
67019,44495,calamocha,teruel,NO,NO,NO,4
35001,28911,leganes,madrid,SI,NO,NO,3
11306,20320,legazpi,gipuzkoa,SI,NO,NO,1
11407,20250,legorreta,gipuzkoa,SI,NO,NO,1
64007,46660,manuel,valencia,SI,NO,NO,1
15100,24009,leon,leon,NO,NO,SI,5
5778,24002,leon,leon,NO,SI,NO,5
73003,25400,borges_blanques_les,lleida,NO,NO,NO,1
71307,43350,borges_del_camp_les,tarragona,NO,NO,NO,1
77100,8520,franqueses_del_valles_les,barcelona,SI,NO,NO,2
79109,8521,franqueses_del_valles_les,barcelona,SI,NO,NO,2
65201,46500,sagunto,valencia,SI,NO,NO,2
73007,43440,espluga_de_francoli_l_,tarragona,NO,NO,NO,1
5387,33686,aller,asturias,NO,SI,NO,9
11516,20100,lezo,gipuzkoa,SI,NO,NO,1
65407,43890,vandellos_i_l_hospitalet_de_l_infant,tarragona,NO,NO,NO,1
72305,8901,hospitalet_de_llobregat_l_,barcelona,SI,NO,NO,2
6001,30892,librilla,murcia,SI,NO,NO,1
5517,33580,siero,asturias,NO,SI,NO,17
5671,39727,lierganes,cantabria,NO,SI,NO,1
5685,39762,limpias,cantabria,NO,SI,NO,1
31112,49593,manzanal_de_arriba,zamora,NO,NO,NO,1
50300,23490,linares,jaen,NO,NO,NO,1
15116,33694,lena,asturias,NO,NO,NO,7
15218,33005,oviedo,asturias,SI,NO,NO,15
5522,33529,nava,asturias,NO,SI,NO,5
79312,17490,llanca,girona,NO,NO,NO,1
5571,33500,llanes,asturias,NO,SI,NO,11
5741,39213,rozas_de_valdearroyo_las,cantabria,NO,SI,NO,2
5969,30381,cartagena,murcia,NO,SI,NO,12
5219,33417,aviles,asturias,NO,SI,NO,6
78400,25007,lleida,lleida,NO,NO,SI,1
40105,6900,llerena,badajoz,NO,NO,NO,1
79102,8450,llinars_del_valles,barcelona,SI,NO,NO,1
13106,1400,laudio,araba,SI,NO,NO,3
5551,33569,ribadesella,asturias,NO,SI,NO,5
81100,26003,logrono,rioja_la,NO,NO,NO,1
5143,15339,ortigueira,coruna_a,NO,SI,NO,7
11510,20014,donostia,gipuzkoa,SI,NO,NO,7
5013,18300,loja,granada,NO,NO,NO,1
14232,39400,corrales_de_buelna_los,cantabria,SI,NO,NO,3
67009,50460,longares,zaragoza,NO,NO,NO,1
50600,41440,lora_del_rio,sevilla,SI,NO,NO,1
6005,30800,lorca,murcia,SI,NO,NO,4
6006,30800,lorca,murcia,SI,NO,NO,4
66209,46393,loriguilla,valencia,SI,NO,NO,1
54518,29620,torremolinos,malaga,SI,NO,NO,5
12011,40424,otero_de_herreros,segovia,NO,NO,NO,2
55019,11370,barrios_los,cadiz,NO,NO,NO,1
54515,29640,fuengirola,malaga,SI,NO,NO,4
5241,33129,pravia,asturias,NO,SI,NO,6
16408,33404,corvera_de_asturias,asturias,SI,NO,NO,6
5744,39419,valdeprado_del_rio,cantabria,NO,SI,NO,2
14210,39400,corrales_de_buelna_los,cantabria,SI,NO,NO,3
5515,33518,siero,asturias,NO,SI,NO,17
12023,40100,real_sitio_de_san_ildefonso,segovia,SI,NO,NO,1
42016,21300,calanas,huelva,NO,NO,NO,3
12005,28460,molinos_los,madrid,SI,NO,NO,1
12001,28409,alpedrete,madrid,SI,NO,NO,2
5977,30383,cartagena,murcia,NO,SI,NO,12
5975,30383,cartagena,murcia,NO,SI,NO,12
5973,30383,cartagena,murcia,NO,SI,NO,12
54412,29006,malaga,malaga,SI,NO,NO,8
50700,41330,tocina,sevilla,SI,NO,NO,2
40006,6230,santos_de_maimona_los,badajoz,NO,NO,NO,1
5287,33719,coana,asturias,NO,SI,NO,3
5275,33700,valdes,asturias,NO,SI,NO,7
81207,50640,luceni,zaragoza,NO,NO,NO,1
20309,27003,lugo,lugo,NO,NO,NO,1
15300,33690,llanera,asturias,SI,NO,NO,4
15212,33420,siero,asturias,SI,NO,NO,17
13103,1408,ayala,araba,SI,NO,NO,1
13305,48903,barakaldo,bizkaia,SI,NO,NO,2
79200,17412,macanet_de_la_selva,girona,SI,NO,NO,1
5169,27891,cervo,lugo,NO,SI,NO,3
18000,28045,madrid,madrid,SI,NO,NO,39
17000,28036,madrid,madrid,SI,NO,SI,39
18002,28046,madrid,madrid,SI,NO,NO,39
10000,28008,madrid,madrid,SI,NO,NO,39
60000,28045,madrid,madrid,NO,NO,SI,39
18001,28001,madrid,madrid,SI,NO,NO,39
11004,34220,magaz_de_pisuerga,palencia,NO,NO,NO,1
10007,28221,majadahonda,madrid,SI,NO,NO,1
54413,29002,malaga,malaga,SI,NO,SI,8
54517,29002,malaga,malaga,SI,NO,NO,8
79605,8380,malgrat_de_mar,barcelona,SI,NO,NO,1
14220,39600,camargo,cantabria,SI,NO,NO,4
5655,39600,camargo,cantabria,NO,SI,NO,4
77110,8560,manlleu,barcelona,SI,NO,NO,1
78600,8240,manresa,barcelona,SI,NO,NO,1
50100,13200,manzanares,ciudad_real,NO,NO,NO,1
5773,24891,garrafe_de_torio,leon,NO,SI,NO,6
11203,1220,ribera_baja,araba,NO,NO,NO,1
5615,39318,polanco,cantabria,NO,SI,NO,2
71303,43775,marca,tarragona,NO,NO,NO,1
1005,41620,marchena,sevilla,NO,NO,NO,1
80114,31340,marcilla,navarra,NO,NO,NO,1
67004,50430,maria_de_huerva,zaragoza,NO,NO,NO,1
5687,39849,ampuero,cantabria,NO,SI,NO,2
72209,8760,martorell,barcelona,SI,NO,NO,1
11509,20014,donostia,gipuzkoa,SI,NO,NO,7
5179,27787,foz,lugo,NO,SI,NO,5
65006,46560,massalfassar,valencia,SI,NO,NO,1
64202,46470,massanassa,valencia,SI,NO,NO,1
5770,24830,matallana_de_torio,leon,NO,SI,NO,5
14200,39410,valdeolea,cantabria,NO,SI,NO,1
10502,47230,matapozuelos,valladolid,NO,NO,NO,1
79500,8301,mataro,barcelona,SI,NO,NO,1
70210,19294,matillas,guadalajara,NO,NO,NO,1
5786,24820,garrafe_de_torio,leon,NO,SI,NO,6
14113,34492,aguilar_de_campoo,palencia,NO,NO,NO,2
70104,28880,meco,madrid,SI,NO,NO,1
5285,33719,coana,asturias,NO,SI,NO,3
5953,30392,cartagena,murcia,NO,SI,NO,12
10500,47400,medina_del_campo,valladolid,NO,NO,NO,2
8240,47400,medina_del_campo,valladolid,NO,NO,NO,2
70401,42240,medinaceli,soria,NO,NO,NO,2
18003,28045,madrid,madrid,SI,NO,NO,39
35701,28045,madrid,madrid,SI,NO,NO,39
3001,23620,mengibar,jaen,NO,NO,NO,1
5724,9588,valle_de_mena,burgos,NO,SI,NO,4
5507,33199,siero,asturias,NO,SI,NO,17
37500,6800,merida,badajoz,NO,NO,NO,1
5369,33600,mieres,asturias,NO,SI,NO,11
15203,33600,mieres,asturias,SI,NO,NO,11
5484,48860,zalla,bizkaia,NO,SI,NO,7
60503,2620,minaya,albacete,NO,NO,NO,1
21002,15630,mino,coruna_a,NO,NO,NO,2
35301,10540,mirabel,caceres,NO,NO,NO,1
70800,50620,zaragoza,zaragoza,SI,NO,NO,5
11200,9200,miranda_de_ebro,burgos,NO,NO,NO,1
97200,28034,madrid,madrid,SI,NO,NO,39
13120,48003,bilbao,bizkaia,SI,NO,NO,14
5121,15563,moeche,coruna_a,NO,SI,NO,3
5611,39310,miengo,cantabria,NO,SI,NO,2
64003,46640,mogente,valencia,SI,NO,NO,1
72300,8750,molins_de_rei,barcelona,SI,NO,NO,1
14207,39430,molledo,cantabria,SI,NO,NO,2
78403,25230,mollerussa,lleida,NO,NO,NO,1
79006,8100,mollet_del_valles,barcelona,SI,NO,NO,2
77004,8100,mollet_del_valles,barcelona,SI,NO,NO,2
65205,12593,moncofa,castellon,SI,NO,NO,1
20300,27400,monforte_de_lemos,lugo,NO,NO,NO,1
30000,10680,malpartida_de_plasencia,caceres,NO,NO,NO,1
70405,50291,monreal_de_ariza,zaragoza,NO,NO,NO,1
67113,44300,monreal_del_campo,teruel,NO,NO,NO,1
69004,46892,montaverner,valencia,NO,NO,NO,1
73008,43400,montblanc,tarragona,NO,NO,NO,1
79005,8110,montcada_i_reixac,barcelona,SI,NO,NO,5
78708,8110,montcada_i_reixac,barcelona,SI,NO,NO,5
78707,8110,montcada_i_reixac,barcelona,SI,NO,NO,5
78800,8041,montcada_i_reixac,barcelona,SI,NO,NO,5
77002,8110,montcada_i_reixac,barcelona,SI,NO,NO,5
15303,33691,gijon,asturias,SI,NO,NO,11
35109,45685,montearagon,toledo,NO,NO,NO,1
20214,27390,quiroga,lugo,NO,NO,NO,1
54519,29620,torremolinos,malaga,SI,NO,NO,5
5743,39417,valdeprado_del_rio,cantabria,NO,SI,NO,2
64005,46692,montesa,valencia,SI,NO,NO,1
79405,8390,montgat,barcelona,SI,NO,NO,2
79406,8390,montgat,barcelona,SI,NO,NO,2
37603,6480,montijo,badajoz,NO,NO,NO,2
37608,6480,montijo,badajoz,NO,NO,NO,2
79007,8160,montmelo,barcelona,SI,NO,NO,1
65408,43892,mont_roig_del_camp,tarragona,NO,NO,NO,1
14101,34410,monzon_de_campos,palencia,NO,NO,NO,2
78301,22400,monzon,huesca,NO,NO,NO,1
67206,44477,mora_de_rubielos,teruel,NO,NO,NO,1
71300,43770,mora_la_nova,tarragona,NO,NO,NO,1
70607,50260,morata_de_jalon,zaragoza,NO,NO,NO,1
56100,18540,morelabor,granada,NO,NO,NO,1
5379,33670,aller,asturias,NO,SI,NO,9
70605,50240,mores,zaragoza,NO,NO,NO,2
32009,37430,moriscos,salamanca,NO,NO,NO,1
5607,39100,santa_cruz_de_bezana,cantabria,NO,SI,NO,2
5149,27861,vicedo_o,lugo,NO,SI,NO,3
35606,28932,mostoles,madrid,SI,NO,NO,2
35607,28935,mostoles,madrid,SI,NO,NO,2
61200,30002,murcia,murcia,SI,NO,NO,1
14237,39600,camargo,cantabria,SI,NO,NO,4
5243,33138,muros_de_nalon,asturias,NO,SI,NO,2
13506,48550,muskiz,bizkaia,SI,NO,NO,1
11205,1230,iruna_oka,araba,NO,NO,NO,1
5787,24839,matallana_de_torio,leon,NO,SI,NO,5
34008,5369,narros_del_castillo,avila,NO,NO,NO,1
5523,33520,nava,asturias,NO,SI,NO,5
31002,47500,nava_del_rey,valladolid,NO,NO,NO,1
67213,12470,navajas,castellon,SI,NO,NO,1
35206,10300,navalmoral_de_la_mata,caceres,NO,NO,NO,1
10208,5240,navalperal_de_pinares,avila,NO,NO,NO,1
67020,44496,calamocha,teruel,NO,NO,NO,4
12014,40420,navas_de_riofrio,segovia,NO,NO,NO,1
5283,33710,navia,asturias,NO,SI,NO,3
21009,15510,neda,coruna_a,NO,NO,NO,1
43015,21840,niebla,huelva,NO,NO,NO,1
20007,24395,san_justo_de_la_vega,leon,NO,NO,NO,1
66003,45350,noblejas,toledo,NO,NO,NO,1
5175,27893,foz,lugo,NO,SI,NO,5
71207,50794,nonaspe,zaragoza,NO,NO,NO,1
5413,33180,norena,asturias,NO,SI,NO,1
60907,3660,novelda,alicante,NO,NO,NO,1
5259,33157,cudillero,asturias,NO,SI,NO,11
16400,33416,corvera_de_asturias,asturias,SI,NO,NO,6
5559,33592,llanes,asturias,NO,SI,NO,11
5651,39011,santander,cantabria,NO,SI,NO,8
14231,39011,santander,cantabria,SI,NO,NO,8
65206,12520,nules,castellon,SI,NO,NO,1
76003,43887,nulles,tarragona,NO,NO,NO,1
5108,15570,naron,coruna_a,NO,SI,NO,9
20211,32300,barco_de_valdeorras_o,ourense,NO,NO,NO,1
5145,15337,manon,coruna_a,NO,SI,NO,1
20404,15670,culleredo,coruna_a,NO,NO,NO,1
31304,32500,carballino_o,ourense,NO,NO,NO,1
31306,32530,irixo_o,ourense,NO,NO,NO,1
5106,15572,naron,coruna_a,NO,SI,NO,9
22201,36400,porrino_o,pontevedra,NO,NO,NO,1
5147,27860,vicedo_o,lugo,NO,SI,NO,3
66002,45300,ocana,toledo,NO,NO,NO,1
79408,8320,masnou_el,barcelona,SI,NO,NO,2
5218,33468,corvera_de_asturias,asturias,NO,SI,NO,6
13303,48013,bilbao,bizkaia,SI,NO,NO,14
80109,31390,olite,navarra,NO,NO,NO,1
13114,48003,arrigorriaga,bizkaia,SI,NO,NO,2
15207,33660,oviedo,asturias,SI,NO,NO,15
66001,45340,ontigola,toledo,NO,NO,NO,1
69008,46870,ontinyent,valencia,NO,NO,NO,1
5635,39500,cabezon_de_la_sal,cantabria,NO,SI,NO,4
35703,28041,madrid,madrid,SI,NO,NO,39
31415,15689,ordes,coruna_a,NO,NO,NO,1
11405,20240,ordizia,gipuzkoa,SI,NO,NO,1
13100,48460,urduna,bizkaia,SI,NO,NO,1
5663,39719,marina_de_cudeyo,cantabria,NO,SI,NO,1
62002,3300,orihuela,alicante,SI,NO,NO,1
11402,20216,ormaiztegi,gipuzkoa,SI,NO,NO,1
35203,45560,oropesa,toledo,NO,NO,NO,1
65304,12594,oropesa_del_mar,castellon,NO,NO,NO,1
12013,40421,ortigosa_del_monte,segovia,NO,NO,NO,1
5139,15330,ortigueira,coruna_a,NO,SI,NO,7
13504,48530,ortuella,bizkaia,SI,NO,NO,3
5189,27795,ribadeo,lugo,NO,SI,NO,4
22005,32440,peroxa_a,ourense,NO,NO,NO,1
23013,15866,teo,coruna_a,NO,NO,NO,1
14107,34460,osorno_la_mayor,palencia,NO,NO,NO,1
1007,41640,osuna,sevilla,NO,NO,NO,1
5795,24847,villaquilambre,leon,NO,SI,NO,5
12012,40422,otero_de_herreros,segovia,NO,NO,NO,2
5277,33792,valdes,asturias,NO,SI,NO,7
22100,32001,ourense,ourense,NO,NO,SI,2
31215,32005,ourense,ourense,NO,NO,NO,2
15211,33012,oviedo,asturias,SI,SI,NO,15
5381,33679,aller,asturias,NO,SI,NO,9
20320,15380,oza_cesuras,coruna_a,NO,NO,NO,3
5541,33546,parres,asturias,NO,SI,NO,6
51010,41006,sevilla,sevilla,SI,NO,NO,10
23011,15917,padron,coruna_a,NO,NO,SI,2
23021,15980,padron,coruna_a,NO,NO,NO,2
51009,41020,sevilla,sevilla,SI,NO,NO,10
15015,24225,villanueva_de_las_manzanas,leon,NO,NO,NO,1
79103,8460,santa_maria_de_palautordera,barcelona,SI,NO,NO,1
5775,24891,garrafe_de_torio,leon,NO,SI,NO,6
14100,34005,palencia,palencia,NO,NO,SI,1
50506,14700,palma_del_rio,cordoba,NO,NO,NO,1
80100,31012,pamplona,navarra,NO,NO,NO,1
11111,9280,pancorbo,burgos,NO,NO,NO,1
70603,50299,paracuellos_de_la_ribera,zaragoza,NO,NO,NO,1
14217,39612,pielagos,cantabria,SI,NO,NO,5
5771,24820,matallana_de_torio,leon,NO,SI,NO,5
15004,34300,paredes_de_nava,palencia,NO,NO,NO,1
77005,8150,parets_del_valles,barcelona,SI,NO,NO,1
20313,27380,guitiriz,lugo,NO,NO,NO,2
37012,28981,parla,madrid,SI,NO,NO,1
35011,28914,leganes,madrid,SI,NO,NO,3
5504,33011,oviedo,asturias,NO,SI,NO,15
11515,20110,pasaia,gipuzkoa,SI,NO,NO,1
20306,27617,sarria,lugo,NO,NO,NO,2
1009,41566,pedrera,sevilla,NO,NO,NO,1
81208,50690,pedrola,zaragoza,NO,NO,NO,1
5735,9574,merindad_de_valdeporres,burgos,NO,SI,NO,3
40115,41360,pedroso_el,sevilla,SI,NO,NO,1
5113,15597,naron,coruna_a,NO,SI,NO,9
5772,24820,garrafe_de_torio,leon,NO,SI,NO,6
5577,33598,llanes,asturias,NO,SI,NO,11
16005,33929,langreo,asturias,SI,NO,NO,9
50507,41470,penaflor,sevilla,NO,NO,NO,1
5316,33829,grado,asturias,NO,SI,NO,4
34010,37300,penaranda_de_bracamonte,salamanca,NO,NO,NO,1
5237,33127,pravia,asturias,NO,SI,NO,6
13404,48980,santurtzi,bizkaia,SI,NO,NO,2
21003,15608,mino,coruna_a,NO,NO,NO,2
21008,15500,fene,coruna_a,NO,NO,NO,2
5209,33491,carreno,asturias,NO,SI,NO,7
14204,39491,pesquera,cantabria,SI,NO,NO,1
5647,39548,val_de_san_vicente,cantabria,NO,SI,NO,2
5227,33450,castrillon,asturias,NO,SI,NO,6
10100,28230,rozas_de_madrid_las,madrid,SI,NO,NO,3
79604,8397,pineda_de_mar,barcelona,SI,NO,NO,1
60103,28320,pinto,madrid,SI,NO,NO,1
5531,33535,pilona,asturias,NO,SI,NO,4
5407,33392,gijon,asturias,NO,SI,NO,11
14103,34430,pina_de_campos,palencia,NO,NO,NO,1
5105,15572,naron,coruna_a,NO,SI,NO,9
5281,33719,navia,asturias,NO,SI,NO,3
5383,33685,aller,asturias,NO,SI,NO,9
20318,15390,oza_cesuras,coruna_a,NO,NO,NO,3
18005,28005,madrid,madrid,SI,NO,NO,39
32007,37490,pitiegua,salamanca,NO,NO,NO,1
97100,28035,madrid,madrid,SI,NO,NO,39
54406,29569,pizarra,malaga,SI,NO,NO,1
78805,8002,barcelona,barcelona,SI,NO,NO,10
77304,17535,planoles,girona,SI,NO,NO,1
30002,10600,plasencia,caceres,NO,NO,NO,1
70705,50296,plasencia_de_jalon,zaragoza,NO,NO,NO,1
74202,22810,sotonera_la,huesca,NO,NO,NO,1
71704,8860,castelldefels,barcelona,SI,NO,NO,2
69111,46730,gandia,valencia,SI,NO,NO,2
54520,29004,malaga,malaga,SI,NO,NO,8
20218,27331,pobra_do_brollon_a,lugo,NO,NO,NO,1
15122,33630,lena,asturias,SI,NO,NO,7
5513,33510,siero,asturias,NO,SI,NO,17
5542,33540,parres,asturias,NO,SI,NO,6
20200,24400,ponferrada,leon,NO,NO,NO,1
5133,15340,ortigueira,coruna_a,NO,SI,NO,7
23010,36640,pontecesures,pontevedra,NO,NO,NO,1
21004,15614,pontedeume,coruna_a,NO,NO,NO,1
23004,36003,pontevedra,pontevedra,NO,NO,SI,2
23018,36002,pontevedra,pontevedra,NO,NO,NO,2
5569,33509,llanes,asturias,NO,SI,NO,11
20103,24397,magaz_de_cepeda,leon,NO,NO,NO,2
65411,43840,salou,tarragona,NO,NO,NO,2
79315,17497,portbou,girona,NO,NO,NO,1
23005,36692,barro,pontevedra,NO,NO,NO,1
13403,48920,portugalete,bizkaia,SI,NO,NO,1
5563,33594,llanes,asturias,NO,SI,NO,11
50504,14730,posadas,cordoba,NO,NO,NO,1
22105,36493,crecente,pontevedra,NO,NO,NO,3
10501,47220,pozaldez,valladolid,NO,NO,NO,1
10002,28224,pozuelo_de_alarcon,madrid,SI,NO,NO,2
71304,43774,pradell_de_la_teixeta,tarragona,NO,NO,NO,1
5759,24893,prado_de_la_guzpena,leon,NO,SI,NO,3
5325,33120,pravia,asturias,NO,SI,NO,6
79409,8330,premia_de_mar,barcelona,SI,NO,NO,1
65008,46530,pucol,valencia,SI,NO,NO,1
31200,49300,puebla_de_sanabria,zamora,NO,NO,NO,1
67203,44450,puebla_de_valverde_la,teruel,NO,NO,NO,2
5672,39719,entrambasaguas,cantabria,NO,SI,NO,1
35704,28041,madrid,madrid,SI,NO,NO,39
5758,24880,valderrueda,leon,NO,SI,NO,3
5412,33189,siero,asturias,NO,SI,NO,17
15118,33692,lena,asturias,SI,NO,NO,7
2002,14500,puente_genil,cordoba,NO,NO,SI,1
5623,39530,reocin,cantabria,NO,SI,NO,3
12020,28470,cercedilla,madrid,SI,NO,NO,2
51400,11500,puerto_de_santa_maria_el,cadiz,SI,NO,NO,2
67202,44442,puebla_de_valverde_la,teruel,NO,NO,NO,2
6007,30891,puerto_lumbreras,murcia,SI,NO,NO,1
51401,11510,puerto_real,cadiz,SI,NO,NO,3
37300,13500,puertollano,ciudad_real,NO,NO,SI,1
77309,17520,puigcerda,girona,SI,NO,NO,1
73001,25153,puigverd_de_lleida,lleida,NO,NO,NO,1
14234,39420,barcena_de_pie_de_concha,cantabria,SI,NO,NO,2
7001,4640,pulpi,almeria,SI,NO,NO,2
70606,50247,mores,zaragoza,NO,NO,NO,2
13505,48540,abanto_y_ciervana_abanto_zierbena,bizkaia,SI,NO,NO,2
20208,32320,rubia,ourense,NO,NO,NO,2
60301,45790,quero,toledo,NO,NO,NO,1
5731,9569,espinosa_de_los_monteros,burgos,NO,SI,NO,4
11006,34250,quintana_del_puente,palencia,NO,NO,NO,1
84104,42291,quintana_redonda,soria,NO,NO,NO,1
20002,24391,santovenia_de_la_valdoncina,leon,NO,NO,NO,1
14115,34811,pomar_de_valdivia,palencia,NO,NO,NO,1
71105,50770,quinto,zaragoza,NO,NO,NO,1
20310,27370,rabade,lugo,NO,NO,NO,1
5224,33400,castrillon,asturias,NO,SI,NO,6
78506,8256,rajadell,barcelona,NO,NO,NO,1
97201,28034,madrid,madrid,SI,NO,NO,39
22300,36800,redondela,pontevedra,NO,NO,SI,4
8224,36818,redondela,pontevedra,NO,NO,NO,4
23000,36800,redondela,pontevedra,NO,NO,NO,4
5733,9568,espinosa_de_los_monteros,burgos,NO,SI,NO,4
5213,33439,carreno,asturias,NO,SI,NO,7
5185,27794,barreiros,lugo,NO,SI,NO,2
14202,39200,reinosa,cantabria,SI,NO,NO,2
14216,39470,pielagos,cantabria,SI,NO,NO,5
5617,39312,polanco,cantabria,NO,SI,NO,2
66202,46340,requena,valencia,SI,NO,SI,4
3213,46340,requena,valencia,NO,NO,NO,4
71400,43203,reus,tarragona,NO,NO,NO,1
22102,32400,ribadavia,ourense,NO,NO,NO,1
5193,27700,ribadeo,lugo,NO,SI,NO,4
5553,33560,ribadesella,asturias,NO,SI,NO,5
5552,33560,ribadesella,asturias,NO,SI,NO,5
81203,31550,ribaforada,navarra,NO,NO,NO,1
71209,43790,riba_roja_d_ebre,tarragona,NO,NO,NO,1
5235,33127,soto_del_barco,asturias,NO,SI,NO,3
77303,17534,ribes_de_freser,girona,SI,NO,NO,1
70700,50270,ricla,zaragoza,NO,NO,NO,1
79106,17404,riells_i_viabrea,girona,SI,NO,NO,1
74206,22808,penas_de_riglos_las,huesca,NO,NO,NO,3
74205,22808,penas_de_riglos_las,huesca,NO,NO,NO,3
81109,26550,rincon_de_soto,rioja_la,NO,NO,NO,1
5191,27797,ribadeo,lugo,NO,SI,NO,4
14233,39200,reinosa,cantabria,SI,NO,NO,2
77200,17500,ripoll,girona,SI,NO,NO,1
71306,43771,riudecanyes,tarragona,NO,NO,NO,1
79204,17457,riudellots_de_la_selva,girona,NO,NO,NO,1
10205,28294,robledo_de_chavela,madrid,NO,NO,NO,1
5788,24839,matallana_de_torio,leon,NO,SI,NO,5
5737,9573,merindad_de_valdeporres,burgos,NO,SI,NO,3
65001,46550,meliana,valencia,SI,NO,NO,1
72100,43883,roda_de_bera,tarragona,NO,NO,NO,2
72101,43883,roda_de_bera,tarragona,NO,NO,NO,2
5643,39593,valdaliga,cantabria,NO,SI,NO,2
55007,29400,ronda,malaga,NO,NO,NO,1
72501,8191,rubi,barcelona,SI,NO,NO,1
67207,44477,rubielos_de_mora,teruel,NO,NO,NO,1
70704,50295,rueda_de_jalon,zaragoza,NO,NO,NO,1
78704,8203,sabadell,barcelona,SI,NO,NO,3
78709,8207,sabadell,barcelona,SI,NO,NO,3
78703,8204,sabadell,barcelona,SI,NO,NO,3
70604,50299,sabinan,zaragoza,NO,NO,NO,1
74211,22600,sabinanigo,huesca,NO,NO,NO,1
13509,48530,ortuella,bizkaia,SI,NO,NO,3
65200,46500,sagunto,valencia,SI,NO,NO,2
15009,24320,sahagun,leon,NO,NO,NO,1
30100,37004,salamanca,salamanca,NO,NO,NO,1
13102,1470,amurrio,araba,SI,NO,NO,4
70702,50294,salillas_de_jalon,zaragoza,NO,NO,NO,1
5225,33405,castrillon,asturias,NO,SI,NO,6
5748,34830,salinas_de_pisuerga,palencia,NO,SI,NO,1
76001,43885,salomo,tarragona,NO,NO,NO,1
65410,43840,salou,tarragona,NO,NO,NO,2
43027,41909,salteras,sevilla,SI,NO,NO,1
22109,36450,salvaterra_de_mino,pontevedra,NO,NO,NO,1
16009,33900,langreo,asturias,SI,NO,NO,9
5429,33939,langreo,asturias,NO,SI,NO,9
71201,44520,samper_de_calanda,teruel,NO,NO,NO,1
5380,33685,aller,asturias,NO,SI,NO,9
66201,46390,requena,valencia,SI,NO,NO,4
51100,41004,sevilla,sevilla,SI,NO,NO,10
5167,27890,cervo,lugo,NO,SI,NO,3
5304,33191,oviedo,asturias,NO,SI,NO,15
5135,15368,ortigueira,coruna_a,NO,SI,NO,7
20216,27310,ribas_de_sil,lugo,NO,NO,NO,1
5253,33155,cudillero,asturias,NO,SI,NO,11
5269,33789,valdes,asturias,NO,SI,NO,7
60107,28021,madrid,madrid,SI,NO,NO,39
60101,28021,madrid,madrid,SI,NO,NO,39
5329,33130,muros_de_nalon,asturias,NO,SI,NO,2
22003,27437,panton,lugo,NO,NO,NO,2
5776,24890,garrafe_de_torio,leon,NO,SI,NO,6
70101,28830,san_fernando_de_henares,madrid,SI,NO,NO,1
51406,11100,san_fernando,cadiz,SI,NO,NO,2
51402,11100,san_fernando,cadiz,SI,NO,NO,2
62100,3349,albatera,alicante,SI,NO,NO,1
43000,41015,sevilla,sevilla,SI,NO,NO,10
35604,28924,alcorcon,madrid,SI,NO,NO,3
16405,33417,castrillon,asturias,SI,NO,NO,6
43021,21610,san_juan_del_puerto,huelva,NO,NO,NO,1
13208,48013,bilbao,bizkaia,SI,NO,NO,14
5436,33958,san_martin_del_rey_aurelio,asturias,NO,SI,NO,7
5251,33155,cudillero,asturias,NO,SI,NO,11
20113,24398,congosto,leon,NO,NO,NO,1
34013,37340,san_morales,salamanca,NO,NO,NO,1
55014,11320,jimena_de_la_frontera,cadiz,NO,NO,NO,2
5627,39539,alfoz_de_lloredo,cantabria,NO,SI,NO,1
34005,5350,san_pedro_del_arroyo,avila,NO,NO,NO,1
22004,27470,panton,lugo,NO,NO,NO,2
5306,33119,oviedo,asturias,NO,SI,NO,15
12009,40410,espinar_el,segovia,NO,NO,NO,3
5327,33129,pravia,asturias,NO,SI,NO,6
5321,33828,candamo,asturias,NO,SI,NO,3
5573,33596,llanes,asturias,NO,SI,NO,11
55018,11368,san_roque,cadiz,NO,NO,NO,1
5115,15560,san_sadurnino,coruna_a,NO,SI,NO,3
5659,39619,medio_cudeyo,cantabria,NO,SI,NO,4
11511,20012,donostia,gipuzkoa,SI,NO,NO,7
51414,11007,cadiz,cadiz,SI,NO,NO,5
5432,33947,san_martin_del_rey_aurelio,asturias,NO,SI,NO,7
35405,6500,san_vicente_de_alcantara,badajoz,NO,NO,NO,1
5645,39549,san_vicente_de_la_barquera,cantabria,NO,SI,NO,2
5102,15404,ferrol,coruna_a,NO,SI,NO,2
10201,28292,galapagar,madrid,SI,NO,NO,2
5319,33829,candamo,asturias,NO,SI,NO,3
43004,41800,sanlucar_la_mayor,sevilla,SI,NO,NO,1
79403,8930,sant_adria_de_besos,barcelona,SI,NO,NO,1
78802,8030,barcelona,barcelona,SI,NO,NO,10
79501,8392,sant_andreu_de_llavaneres,barcelona,SI,NO,NO,1
79104,8470,sant_celoni,barcelona,SI,NO,NO,1
72502,8190,sant_cugat_del_valles,barcelona,SI,NO,NO,1
72301,8980,sant_feliu_de_llobregat,barcelona,SI,NO,NO,1
62109,3005,alicante,alicante,SI,NO,NO,3
78501,25270,sant_guim_de_freixenet,lleida,NO,NO,NO,1
72302,8970,sant_joan_despi,barcelona,SI,NO,NO,1
79304,17464,sant_jordi_desvalls,girona,NO,NO,NO,1
77104,8592,sant_marti_de_centelles,barcelona,SI,NO,NO,1
78502,8282,sant_marti_sesgueioles,barcelona,NO,NO,NO,1
79306,17475,sant_miquel_de_fluvia,girona,NO,NO,NO,1
78610,8232,viladecavalls,barcelona,SI,NO,NO,2
79602,8395,sant_pol_de_mar,barcelona,SI,NO,NO,1
77113,8580,sant_quirze_de_besora,barcelona,SI,NO,NO,1
72207,8770,sant_sadurni_d_anoia,barcelona,SI,NO,NO,1
71600,43880,vendrell_el,tarragona,SI,NO,NO,2
78604,8295,sant_vicenc_de_castellet,barcelona,SI,NO,NO,1
60913,3690,san_vicente_del_raspeig,alicante,SI,NO,NO,1
5459,48013,bilbao,bizkaia,NO,SI,NO,14
5384,33685,ribera_de_arriba,asturias,NO,SI,NO,3
5376,33612,mieres,asturias,NO,SI,NO,11
14208,39450,molledo,cantabria,SI,NO,NO,2
66005,45370,santa_cruz_de_la_zarza,toledo,NO,NO,NO,1
13104,1400,laudio,araba,SI,NO,NO,3
50200,13730,santa_cruz_de_mudela,ciudad_real,NO,NO,NO,1
70109,28031,madrid,madrid,SI,NO,NO,39
16001,33669,oviedo,asturias,SI,NO,NO,15
67105,44360,santa_eulalia,teruel,NO,NO,NO,1
5103,15570,naron,coruna_a,NO,SI,NO,9
5625,39530,reocin,cantabria,NO,SI,NO,3
15109,24650,pola_de_gordon_la,leon,NO,NO,NO,2
5313,33892,grado,asturias,NO,SI,NO,4
70404,42260,santa_maria_de_huerta,soria,NO,NO,NO,1
10206,28296,santa_maria_de_la_alameda,madrid,NO,NO,NO,2
5131,15349,ortigueira,coruna_a,NO,SI,NO,7
74207,22820,penas_de_riglos_las,huesca,NO,NO,NO,3
5261,33158,cudillero,asturias,NO,SI,NO,11
77003,8130,santa_perpetua_de_mogoda,barcelona,SI,NO,NO,1
79608,8398,santa_susanna,barcelona,SI,NO,NO,1
14223,39002,santander,cantabria,SI,SI,NO,8
15014,24330,santas_martas,leon,NO,NO,NO,1
31400,15702,santiago_de_compostela,coruna_a,NO,NO,SI,1
5231,33458,castrillon,asturias,NO,SI,NO,6
5239,33129,pravia,asturias,NO,SI,NO,6
5752,34879,santibanez_de_la_pena,palencia,NO,SI,NO,2
15202,33611,mieres,asturias,SI,NO,NO,11
13405,48980,santurtzi,bizkaia,SI,NO,NO,2
78203,22200,sarinena,huesca,NO,NO,NO,1
31108,49591,riofrio_de_aliste,zamora,NO,NO,NO,3
20305,27600,sarria,lugo,NO,NO,NO,2
67205,44460,sarrion,teruel,NO,NO,NO,1
60904,3630,sax,alicante,NO,NO,NO,1
5537,33584,pilona,asturias,NO,SI,NO,4
5111,15570,naron,coruna_a,NO,SI,NO,9
67214,12400,segorbe,castellon,SI,NO,NO,2
67215,12400,segorbe,castellon,SI,NO,NO,2
12100,40006,segovia,segovia,NO,NO,NO,2
8004,40006,segovia,segovia,NO,NO,SI,2
78504,8281,calaf,barcelona,NO,NO,NO,2
51404,11012,cadiz,cadiz,SI,NO,NO,5
71602,43882,calafell,tarragona,SI,NO,NO,2
22107,36494,arbo,pontevedra,NO,NO,NO,2
5137,15368,ortigueira,coruna_a,NO,SI,NO,7
15302,33697,gijon,asturias,SI,NO,NO,11
13401,48910,sestao,bizkaia,SI,NO,NO,3
55005,11692,setenil_de_las_bodegas,cadiz,NO,NO,NO,1
51003,41007,sevilla,sevilla,SI,NO,SI,10
5967,30360,union_la,murcia,NO,SI,NO,4
14214,39317,torrelavega,cantabria,SI,NO,NO,7
66204,46392,siete_aguas,valencia,SI,NO,NO,1
70302,19250,siguenza,guadalajara,NO,NO,NO,1
64200,46460,silla,valencia,SI,NO,NO,1
79202,17410,sils,girona,NO,NO,NO,1
71701,8870,sitges,barcelona,SI,NO,NO,2
20210,32330,carballeda_de_valdeorras,ourense,NO,NO,NO,1
60406,13630,socuellamos,ciudad_real,NO,NO,NO,1
5467,48830,guenes,bizkaia,NO,SI,NO,7
18101,28013,madrid,madrid,SI,NO,NO,39
5665,39710,medio_cudeyo,cantabria,NO,SI,NO,4
69102,46430,sollana,valencia,SI,NO,NO,2
5738,9572,valle_de_valdebezana,burgos,NO,SI,NO,2
67217,12480,soneja,castellon,SI,NO,NO,1
82100,42005,soria,soria,NO,NO,NO,1
5790,24815,cistierna,leon,NO,SI,NO,2
5405,33393,gijon,asturias,NO,SI,NO,11
5539,33585,parres,asturias,NO,SI,NO,6
5255,33156,cudillero,asturias,NO,SI,NO,11
15208,33696,ribera_de_arriba,asturias,SI,NO,NO,3
5233,33126,soto_del_barco,asturias,NO,SI,NO,3
70112,28850,torrejon_de_ardoz,madrid,SI,NO,NO,2
5308,33119,oviedo,asturias,NO,SI,NO,15
5734,9568,merindad_de_sotoscueva,burgos,NO,SI,NO,1
5437,33950,san_martin_del_rey_aurelio,asturias,NO,SI,NO,7
69103,46410,sueca,valencia,SI,NO,NO,1
12007,28480,guadarrama,madrid,NO,NO,NO,1
5265,33780,valdes,asturias,NO,SI,NO,7
80108,31300,tafalla,navarra,NO,NO,NO,1
35200,45600,talavera_de_la_reina,toledo,NO,NO,NO,1
5293,33747,tapia_de_casariego,asturias,NO,SI,NO,1
66006,16400,tarancon,cuenca,NO,NO,NO,1
84103,42294,tardelcuende,soria,NO,NO,NO,1
78200,22240,tardienta,huesca,NO,NO,SI,1
71500,43004,tarragona,tarragona,NO,NO,NO,2
78408,25300,tarrega,lleida,NO,NO,NO,1
69105,46760,tavernes_de_la_valldigna,valencia,SI,NO,NO,1
20316,15310,curtis,coruna_a,NO,NO,NO,2
60206,45770,tembleque,toledo,NO,NO,NO,1
78700,8221,terrassa,barcelona,SI,NO,NO,2
78710,8227,terrassa,barcelona,SI,NO,NO,2
70505,50293,terrer,zaragoza,NO,NO,NO,1
67200,44001,teruel,teruel,NO,NO,NO,1
40122,41340,tocina,sevilla,SI,NO,NO,2
5295,33794,castropol,asturias,NO,SI,NO,5
92102,45006,toledo,toledo,NO,NO,SI,1
11500,20400,tolosa,gipuzkoa,SI,NO,NO,2
11501,20400,tolosa,gipuzkoa,SI,NO,NO,2
20204,24560,toral_de_los_vados,leon,NO,NO,NO,1
5547,33587,parres,asturias,NO,SI,NO,6
79607,8490,tordera,barcelona,SI,NO,NO,1
77111,8570,torello,barcelona,SI,NO,NO,1
31006,49800,toro,zamora,NO,NO,NO,1
70400,42230,medinaceli,soria,NO,NO,NO,2
78801,8033,barcelona,barcelona,SI,NO,NO,10
20109,24370,torre_del_bierzo,leon,NO,NO,NO,2
54514,29640,fuengirola,malaga,SI,NO,NO,4
65306,12596,torreblanca,castellon,NO,NO,NO,1
71503,43830,torredembarra,tarragona,NO,NO,NO,1
70102,28850,torrejon_de_ardoz,madrid,SI,NO,NO,2
14213,39300,torrelavega,cantabria,SI,NO,NO,7
5621,39300,torrelavega,cantabria,NO,SI,NO,7
62104,3320,elche,alicante,SI,NO,NO,3
10103,28250,torrelodones,madrid,SI,NO,NO,1
54509,29620,torremolinos,malaga,SI,NO,NO,5
54512,29639,benalmadena,malaga,SI,NO,NO,2
61304,30700,torre_pacheco,murcia,NO,NO,NO,2
67101,44393,torrijo_del_campo,teruel,NO,NO,NO,1
35105,45500,torrijos,toledo,NO,NO,NO,1
65400,43500,tortosa,tarragona,NO,NO,NO,2
77305,17536,toses,girona,SI,NO,NO,1
6003,30850,totana,murcia,SI,NO,NO,1
13502,48510,valle_de_trapaga_trapagaran,bizkaia,SI,NO,NO,2
5487,48879,artzentales,bizkaia,NO,SI,NO,2
5217,33468,corvera_de_asturias,asturias,NO,SI,NO,6
5641,39592,valdaliga,cantabria,NO,SI,NO,2
5203,33211,gijon,asturias,NO,SI,NO,11
5403,33211,gijon,asturias,NO,SI,NO,11
17004,28760,tres_cantos,madrid,SI,NO,NO,1
5683,39760,barcena_de_cicero,cantabria,NO,SI,NO,3
5311,33119,oviedo,asturias,NO,SI,NO,15
81202,31500,tudela,navarra,NO,NO,NO,1
16002,33910,oviedo,asturias,SI,NO,NO,15
22401,36715,tui,pontevedra,NO,NO,NO,3
5421,33935,langreo,asturias,NO,SI,NO,9
5689,39860,ampuero,cantabria,NO,SI,NO,2
13110,48490,ugao_miraballes,bizkaia,SI,NO,NO,1
80005,31840,uharte_arakil,navarra,NO,NO,NO,1
15200,33640,mieres,asturias,SI,NO,NO,11
5375,33612,mieres,asturias,NO,SI,NO,11
65314,43550,ulldecona,tarragona,NO,NO,NO,1
5722,9586,valle_de_mena,burgos,NO,SI,NO,4
60914,3690,alicante,alicante,SI,NO,NO,3
51416,11510,puerto_real,cadiz,SI,NO,NO,3
19001,28049,alcobendas,madrid,SI,NO,NO,2
17009,28049,madrid,madrid,SI,NO,NO,39
5649,39560,val_de_san_vicente,cantabria,NO,SI,NO,2
13507,48530,ortuella,bizkaia,SI,NO,NO,3
11506,20130,urnieta,gipuzkoa,SI,NO,NO,1
77307,17538,alp,girona,SI,NO,NO,2
70801,50180,utebo,zaragoza,SI,NO,NO,1
66200,46300,utiel,valencia,SI,NO,NO,2
51200,41710,utrera,sevilla,SI,NO,NO,1
31411,15690,arteixo,coruna_a,NO,NO,NO,1
78606,8294,vacarisses,barcelona,SI,NO,NO,2
78607,8233,vacarisses,barcelona,SI,NO,NO,2
5749,34484,dehesa_de_montejo,palencia,NO,SI,NO,1
71205,50709,caspe,zaragoza,NO,NO,NO,2
5757,24889,valderrueda,leon,NO,SI,NO,3
98304,28055,madrid,madrid,SI,NO,NO,39
14230,39011,santander,cantabria,SI,NO,NO,8
5602,39011,santander,cantabria,NO,SI,NO,8
51417,11500,puerto_de_santa_maria_el,cadiz,SI,NO,NO,2
42012,21330,cortegana,huelva,NO,NO,NO,1
19002,28100,alcobendas,madrid,SI,NO,NO,2
60104,28340,valdemoro,madrid,SI,NO,NO,1
50102,13300,valdepenas,ciudad_real,NO,NO,NO,1
5797,24847,valdepielago,leon,NO,SI,NO,1
5807,24891,santander,cantabria,NO,SI,NO,8
5416,33938,siero,asturias,NO,SI,NO,17
10503,47240,valdestillas,valladolid,NO,NO,NO,1
37409,6474,valdetorres,badajoz,NO,NO,NO,1
5257,33157,cudillero,asturias,NO,SI,NO,11
35406,10500,valencia_de_alcantara,caceres,NO,NO,NO,1
3216,46007,valencia,valencia,NO,NO,SI,5
66212,46014,valencia,valencia,SI,NO,NO,5
65003,46022,valencia,valencia,SI,NO,NO,5
65000,46007,valencia,valencia,SI,NO,NO,5
65002,46026,valencia,valencia,SI,NO,NO,5
43026,41970,valencina_de_la_concepcion,sevilla,SI,NO,NO,1
64004,46691,vallada,valencia,SI,NO,NO,1
10610,47011,valladolid,valladolid,NO,NO,NO,2
10600,47007,valladolid,valladolid,NO,NO,SI,2
5760,24892,cebanico,leon,NO,SI,NO,1
13503,48510,valle_de_trapaga_trapagaran,bizkaia,SI,NO,NO,2
5652,39600,camargo,cantabria,NO,SI,NO,4
70001,28031,madrid,madrid,SI,NO,NO,39
5300,33012,oviedo,asturias,NO,SI,NO,15
76004,43800,valls,tarragona,NO,NO,NO,2
5315,33190,grado,asturias,NO,SI,NO,4
5197,33770,vegadeo,asturias,NO,SI,NO,1
20102,24396,magaz_de_cepeda,leon,NO,NO,NO,2
5229,33450,castrillon,asturias,NO,SI,NO,6
20005,24350,villarejo_de_orbigo,leon,NO,NO,NO,1
11000,34200,venta_de_banos,palencia,NO,NO,NO,1
66205,46392,bunol,valencia,SI,NO,NO,3
11518,20305,irun,gipuzkoa,SI,NO,NO,2
5801,24008,leon,leon,NO,SI,NO,5
15400,33213,gijon,asturias,SI,SI,NO,11
10504,47150,viana_de_cega,valladolid,NO,NO,NO,1
77109,8500,vic,barcelona,SI,NO,NO,1
70100,28052,madrid,madrid,SI,NO,NO,39
54501,29003,malaga,malaga,SI,NO,NO,8
5575,33597,llanes,asturias,NO,SI,NO,11
14212,39315,torrelavega,cantabria,SI,NO,NO,7
8223,36201,vigo,pontevedra,NO,NO,NO,2
22308,36201,vigo,pontevedra,NO,NO,NO,2
76002,43886,vilabella,tarragona,NO,NO,NO,1
71709,8840,viladecans,barcelona,SI,NO,NO,1
78609,8232,viladecavalls,barcelona,SI,NO,NO,2
72204,8720,vilafranca_del_penedes,barcelona,SI,NO,NO,1
23008,36600,vilagarcia_de_arousa,pontevedra,NO,NO,SI,1
79311,17493,vilajuiga,girona,NO,NO,NO,1
79308,17469,vilamalla,girona,NO,NO,NO,1
20212,32340,vilamartin_de_valdeorras,ourense,NO,NO,NO,1
71700,8800,vilanova_i_la_geltru,barcelona,SI,NO,NO,1
65208,12540,vila_real,castellon,SI,NO,NO,1
71401,43480,vila_seca,tarragona,NO,NO,NO,1
79410,8340,vilassar_de_mar,barcelona,SI,NO,NO,2
5199,33778,castropol,asturias,NO,SI,NO,5
73009,43490,vilaverd,tarragona,NO,NO,NO,1
50207,23220,vilches,jaen,NO,NO,NO,1
50407,14640,villa_del_rio,cordoba,NO,NO,NO,1
5796,24193,villaquilambre,leon,NO,SI,NO,5
20008,24393,santa_marina_del_rey,leon,NO,NO,NO,1
15301,33422,llanera,asturias,SI,NO,NO,4
15305,33422,llanera,asturias,SI,NO,NO,4
60300,45860,villacanas,toledo,NO,NO,NO,1
15007,34340,villada,palencia,NO,NO,NO,1
5247,33159,cudillero,asturias,NO,SI,NO,11
20203,24565,carracedelo,leon,NO,NO,NO,1
67014,50490,villadoz,zaragoza,NO,NO,NO,1
40005,6220,villafranca_de_los_barros,badajoz,NO,NO,NO,1
80115,31330,villafranca,navarra,NO,NO,NO,1
67103,44394,villafranca_del_campo,teruel,NO,NO,NO,1
67016,44494,villahermosa_del_campo,teruel,NO,NO,NO,1
5561,33593,llanes,asturias,NO,SI,NO,11
10200,28400,collado_villalba,madrid,SI,NO,NO,1
16401,33406,aviles,asturias,SI,NO,NO,6
15123,33695,lena,asturias,SI,NO,NO,7
15112,24680,villamanin,leon,NO,NO,NO,2
5535,33583,teverga,asturias,NO,SI,NO,1
74216,22870,villanua,huesca,NO,NO,NO,1
37704,14440,villanueva_de_cordoba,cordoba,NO,NO,SI,1
78005,50830,villanueva_de_gallego,zaragoza,NO,NO,NO,1
37406,6700,villanueva_de_la_serena,badajoz,NO,NO,NO,1
43003,41808,olivares,sevilla,SI,NO,NO,1
40119,41350,villanueva_del_rio_y_minas,sevilla,SI,NO,NO,1
5279,33793,navia,asturias,NO,SI,NO,3
5777,24193,villaquilambre,leon,NO,SI,NO,5
11009,9118,villaquiran_de_los_infantes,burgos,NO,NO,NO,1
34011,37320,villar_de_gallimazo,salamanca,NO,NO,NO,1
43012,21850,villarrasa,huelva,NO,NO,NO,1
67013,50490,villarreal_de_huerva,zaragoza,NO,NO,NO,1
60500,2600,villarrobledo,albacete,NO,NO,NO,1
66004,45360,villarrubia_de_santiago,toledo,NO,NO,NO,1
60203,45740,villasequilla,toledo,NO,NO,NO,1
5785,24193,villaquilambre,leon,NO,SI,NO,5
5673,39793,ribamontan_al_monte,cantabria,NO,SI,NO,2
37001,28021,madrid,madrid,SI,NO,NO,39
60100,28021,madrid,madrid,SI,NO,NO,39
5493,48879,trucios_turtzioz,bizkaia,NO,SI,NO,1
5751,34869,santibanez_de_la_pena,palencia,NO,SI,NO,2
60902,3400,villena,alicante,NO,NO,SI,3
3309,3400,villena,alicante,NO,NO,NO,3
66109,16371,villora,cuenca,NO,NO,NO,1
73006,43430,vimbodi_i_poblet,tarragona,NO,NO,NO,1
73005,25440,vinaixa,lleida,NO,NO,NO,1
65312,12500,vinaros,castellon,NO,NO,NO,1
14236,39479,pielagos,cantabria,SI,NO,NO,5
5633,39509,cabezon_de_la_sal,cantabria,NO,SI,NO,4
51110,41013,sevilla,sevilla,SI,NO,NO,10
5104,15570,naron,coruna_a,NO,SI,NO,9
5955,30399,cartagena,murcia,NO,SI,NO,12
11208,1005,vitoria_gasteiz,araba,NO,NO,NO,1
5155,27869,viveiro,lugo,NO,SI,NO,3
5156,27869,viveiro,lugo,NO,SI,NO,3
64100,46800,xativa,valencia,SI,NO,NO,1
69107,46770,xeraco,valencia,SI,NO,NO,1
66214,46950,xirivella,valencia,SI,NO,NO,2
69200,46950,xirivella,valencia,SI,NO,NO,2
5208,33492,carreno,asturias,NO,SI,NO,7
5410,33937,siero,asturias,NO,SI,NO,17
5161,27878,xove,lugo,NO,SI,NO,4
5159,27878,xove,lugo,NO,SI,NO,4
5157,27877,xove,lugo,NO,SI,NO,4
5107,15570,naron,coruna_a,NO,SI,NO,9
66108,16373,yemeda,cuenca,NO,NO,NO,1
5762,24879,ercina_la,leon,NO,SI,NO,3
70202,19210,yunquera_de_henares,guadalajara,NO,NO,NO,1
13205,48003,bilbao,bizkaia,SI,NO,NO,14
40100,6300,zafra,badajoz,NO,NO,NO,2
40008,6300,zafra,badajoz,NO,NO,NO,2
5475,48860,zalla,bizkaia,NO,SI,NO,7
30200,49004,zamora,zamora,NO,NO,SI,1
5215,33449,carreno,asturias,NO,SI,NO,7
70806,50010,zaragoza,zaragoza,SI,NO,NO,5
70807,50006,zaragoza,zaragoza,SI,NO,NO,5
71100,50013,zaragoza,zaragoza,SI,NO,NO,5
5463,48820,guenes,bizkaia,NO,SI,NO,7
10204,28293,zarzalejo,madrid,NO,NO,NO,1
35009,28915,leganes,madrid,SI,NO,NO,3
13304,48013,bilbao,bizkaia,SI,NO,NO,14
5457,48013,bilbao,bizkaia,NO,SI,NO,14
78100,50800,zuera,zaragoza,NO,NO,NO,1
11400,20700,zumarraga,gipuzkoa,SI,NO,NO,1
14215,39479,pielagos,cantabria,SI,NO,NO,5