poblacion,numero_estaciones,ave,cercanias,feve
madrid,39,SI,SI,NO
siero,17,NO,SI,SI
oviedo,15,NO,SI,SI
bilbao,14,NO,SI,SI
cartagena,12,NO,NO,SI
gijon,11,NO,SI,SI
mieres,11,NO,SI,SI
llanes,11,NO,NO,SI
cudillero,11,NO,NO,SI
sevilla,10,SI,SI,NO
barcelona,10,SI,SI,NO
aller,9,NO,NO,SI
langreo,9,NO,SI,SI
naron,9,NO,NO,SI
malaga,8,SI,SI,NO
santander,8,NO,SI,SI
san_martin_del_rey_aurelio,7,NO,SI,SI
ortigueira,7,NO,NO,SI
torrelavega,7,NO,SI,SI
donostia,7,NO,SI,NO
valdes,7,NO,NO,SI
carreno,7,NO,NO,SI
lena,7,NO,SI,NO
zalla,7,NO,NO,SI
guenes,7,NO,NO,SI
garrafe_de_torio,6,NO,NO,SI
aviles,6,NO,SI,SI
castrillon,6,NO,SI,SI
pravia,6,NO,NO,SI
parres,6,NO,NO,SI
corvera_de_asturias,6,NO,SI,SI
foz,5,NO,NO,SI
leon,5,SI,NO,SI
ribadesella,5,NO,NO,SI
torremolinos,5,NO,SI,NO
nava,5,NO,NO,SI
getafe,5,NO,SI,NO
matallana_de_torio,5,NO,NO,SI
villaquilambre,5,NO,NO,SI
zaragoza,5,SI,SI,NO
castropol,5,NO,NO,SI
cadiz,5,SI,SI,NO
pielagos,5,NO,SI,SI
montcada_i_reixac,5,NO,SI,NO
valencia,5,SI,SI,NO
calamocha,4,NO,NO,NO
astillero_el,4,NO,SI,SI
llanera,4,NO,SI,NO
lorca,4,NO,SI,NO
camargo,4,NO,SI,SI
cabezon_de_la_sal,4,NO,NO,SI
amurrio,4,NO,SI,NO
ribadeo,4,NO,NO,SI
requena,4,SI,SI,NO
xove,4,NO,NO,SI
union_la,4,NO,NO,SI
espinosa_de_los_monteros,4,NO,NO,SI
fuengirola,4,NO,SI,NO
pilona,4,NO,NO,SI
redondela,4,SI,NO,NO
grado,4,NO,NO,SI
medio_cudeyo,4,NO,NO,SI
valle_de_mena,4,NO,NO,SI
oza_cesuras,3,NO,NO,NO
puerto_real,3,NO,SI,NO
moeche,3,NO,NO,SI
alora,3,NO,SI,NO
valderrueda,3,NO,NO,SI
sabadell,3,NO,SI,NO
ercina_la,3,NO,NO,SI
antequera,3,SI,NO,NO
leganes,3,NO,SI,NO
vicedo_o,3,NO,NO,SI
espinar_el,3,NO,NO,NO
tui,3,NO,NO,NO
san_sadurnino,3,NO,NO,SI
ortuella,3,NO,SI,NO
rozas_de_madrid_las,3,NO,SI,NO
barcena_de_cicero,3,NO,NO,SI
soto_del_barco,3,NO,NO,SI
reocin,3,NO,NO,SI
villena,3,SI,NO,NO
ribera_de_arriba,3,NO,SI,SI
arrankudiaga,3,NO,SI,NO
candamo,3,NO,NO,SI
alicante,3,SI,SI,NO
basauri,3,NO,SI,NO
penas_de_riglos_las,3,NO,NO,NO
navia,3,NO,NO,SI
elche,3,NO,SI,NO
cervo,3,NO,NO,SI
viveiro,3,NO,NO,SI
riofrio_de_aliste,3,NO,NO,NO
laudio,3,NO,SI,NO
merindad_de_valdeporres,3,NO,NO,SI
crecente,3,NO,NO,NO
alcala_de_henares,3,NO,SI,NO
alcorcon,3,NO,SI,NO
sestao,3,NO,SI,NO
calanas,3,NO,NO,NO
coana,3,NO,NO,SI
prado_de_la_guzpena,3,NO,NO,SI
bunol,3,NO,SI,NO
vecilla_la,3,NO,NO,SI
vegaquemada,3,NO,NO,SI
corrales_de_buelna_los,3,NO,SI,NO
calatayud,2,SI,NO,NO
terrassa,2,NO,SI,NO
cistierna,2,NO,NO,SI
barakaldo,2,NO,SI,NO
betanzos,2,NO,NO,NO
torre_del_bierzo,2,NO,NO,NO
arrigorriaga,2,NO,SI,NO
vacarisses,2,NO,SI,NO
aguilar_de_campoo,2,NO,NO,NO
otero_de_herreros,2,NO,NO,NO
fuenlabrada,2,NO,SI,NO
benalmadena,2,NO,SI,NO
ourense,2,SI,NO,NO
medinaceli,2,NO,NO,NO
santibanez_de_la_pena,2,NO,NO,SI
bonar,2,NO,NO,SI
mollet_del_valles,2,NO,SI,NO
cuenca,2,SI,NO,NO
sober,2,NO,NO,NO
ampuero,2,NO,NO,SI
calaf,2,NO,NO,NO
rubia,2,NO,NO,NO
alpedrete,2,NO,SI,NO
alcazar_de_san_juan,2,NO,NO,NO
mores,2,NO,NO,NO
xirivella,2,NO,SI,NO
dos_hermanas,2,NO,SI,NO
rozas_de_valdearroyo_las,2,NO,NO,SI
fene,2,NO,NO,NO
figueres,2,SI,NO,NO
pola_de_gordon_la,2,NO,NO,NO
pozuelo_de_alarcon,2,NO,SI,NO
sitges,2,NO,SI,NO
cabeza_del_buey,2,NO,NO,NO
segovia,2,SI,NO,NO
san_fernando,2,NO,SI,NO
sagunto,2,NO,SI,NO
guardo,2,NO,NO,SI
masnou_el,2,NO,SI,NO
monzon_de_campos,2,NO,NO,NO
valle_de_valdebezana,2,NO,NO,SI
galapagar,2,NO,SI,NO
pontevedra,2,SI,NO,NO
mino,2,NO,NO,NO
calafell,2,NO,SI,NO
miengo,2,NO,NO,SI
espinosa_de_henares,2,NO,NO,NO
cerdido,2,NO,NO,SI
tolosa,2,NO,SI,NO
montgat,2,NO,SI,NO
alp,2,NO,SI,NO
irun,2,NO,SI,NO
jimena_de_la_frontera,2,NO,NO,NO
ribamontan_al_monte,2,NO,NO,SI
segorbe,2,NO,SI,NO
tocina,2,NO,SI,NO
huete,2,NO,NO,NO
cartama,2,NO,SI,NO
tortosa,2,NO,NO,NO
utiel,2,NO,SI,NO
escorial_el,2,NO,SI,NO
franqueses_del_valles_les,2,NO,SI,NO
caldearenas,2,NO,NO,NO
vigo,2,NO,NO,NO
tarragona,2,SI,NO,NO
abanto_y_ciervana_abanto_zierbena,2,NO,SI,NO
andoain,2,NO,SI,NO
cambre,2,NO,NO,NO
guitiriz,2,NO,NO,NO
montijo,2,NO,NO,NO
reinosa,2,NO,SI,NO
cercedilla,2,NO,SI,NO
puerto_de_santa_maria_el,2,NO,SI,NO
altsasu,2,NO,NO,NO
torrejon_de_ardoz,2,NO,SI,NO
panton,2,NO,NO,NO
vendrell_el,2,NO,SI,NO
santa_cruz_de_bezana,2,NO,NO,SI
barreiros,2,NO,NO,SI
caceres,2,NO,NO,NO
polanco,2,NO,NO,SI
hernani,2,NO,SI,NO
sollana,2,NO,SI,NO
torre_pacheco,2,NO,NO,NO
prat_de_llobregat_el,2,NO,SI,NO
aguilas,2,NO,SI,NO
arbo,2,NO,NO,NO
laviana,2,NO,NO,SI
hospitalet_de_llobregat_l_,2,NO,SI,NO
valle_de_trapaga_trapagaran,2,NO,SI,NO
magaz_de_cepeda,2,NO,NO,NO
rinconada_la,2,NO,SI,NO
mostoles,2,NO,SI,NO
jerez_de_la_frontera,2,SI,SI,NO
puebla_de_valverde_la,2,NO,NO,NO
gandia,2,NO,SI,NO
santurtzi,2,NO,SI,NO
valladolid,2,SI,NO,NO
valdaliga,2,NO,NO,SI
ferrol,2,NO,NO,SI
coruna_a,2,SI,NO,NO
aranjuez,2,NO,SI,NO
balmaseda,2,NO,NO,SI
castelldefels,2,NO,SI,NO
padron,2,SI,NO,NO
molledo,2,NO,SI,NO
santa_maria_de_la_alameda,2,NO,NO,NO
cerdanyola_del_valles,2,NO,SI,NO
artzentales,2,NO,NO,SI
sarria,2,NO,NO,NO
barcena_de_pie_de_concha,2,NO,SI,NO
vilassar_de_mar,2,NO,SI,NO
medina_del_campo,2,NO,NO,NO
valls,2,NO,NO,NO
curtis,2,NO,NO,NO
val_de_san_vicente,2,NO,NO,SI
cordoba,2,SI,NO,NO
alcobendas,2,NO,SI,NO
pulpi,2,NO,SI,NO
valdeprado_del_rio,2,NO,NO,SI
villamanin,2,NO,NO,NO
muros_de_nalon,2,NO,NO,SI
salou,2,NO,NO,NO
arenas_de_iguna,2,NO,SI,NO
guadalajara,2,SI,SI,NO
san_vicente_de_la_barquera,2,NO,NO,SI
viladecavalls,2,NO,SI,NO
granollers,2,NO,SI,NO
roda_de_bera,2,NO,NO,NO
caspe,2,NO,NO,NO
zafra,2,NO,NO,NO
rincon_de_soto,1,NO,NO,NO
carboneras_de_guadazaon,1,NO,NO,NO
salteras,1,NO,SI,NO
campillos,1,NO,NO,NO
san_juan_del_puerto,1,NO,NO,NO
valdestillas,1,NO,NO,NO
cantalapiedra,1,NO,NO,NO
alcudia_de_crespins_l_,1,NO,SI,NO
villa_del_rio,1,NO,NO,NO
almazora,1,NO,SI,NO
santas_martas,1,NO,NO,NO
villarejo_de_orbigo,1,NO,NO,NO
binefar,1,NO,NO,NO
ampolla_l_,1,NO,NO,NO
tornadizos_de_avila,1,NO,NO,NO
castellbisbal,1,NO,SI,NO
huelva,1,NO,NO,NO
villarrubia_de_santiago,1,NO,NO,NO
puigcerda,1,NO,SI,NO
papiol_el,1,NO,SI,NO
ordizia,1,NO,SI,NO
campdevanol,1,NO,SI,NO
catarroja,1,NO,SI,NO
sant_adria_de_besos,1,NO,SI,NO
canfranc,1,NO,NO,NO
canet_de_mar,1,NO,SI,NO
cetina,1,NO,NO,NO
sahagun,1,NO,NO,NO
etxarri_aranatz,1,NO,NO,NO
girona,1,SI,NO,NO
san_fernando_de_henares,1,NO,SI,NO
albatera,1,NO,SI,NO
santa_susanna,1,NO,SI,NO
beniganim,1,NO,NO,NO
cunit,1,NO,SI,NO
urnieta,1,NO,SI,NO
sueca,1,NO,SI,NO
valdeolea,1,NO,NO,SI
siguenza,1,NO,NO,NO
babilafuente,1,NO,NO,NO
almuradiel,1,NO,NO,NO
camas,1,NO,SI,NO
santa_perpetua_de_mogoda,1,NO,SI,NO
orihuela,1,NO,SI,NO
villar_de_gallimazo,1,NO,NO,NO
vilagarcia_de_arousa,1,SI,NO,NO
olivares,1,NO,SI,NO
badajoz,1,NO,NO,NO
crevillent,1,NO,SI,NO
herrera_de_pisuerga,1,NO,NO,NO
aljucen,1,NO,NO,NO
alhama_de_aragon,1,NO,NO,NO
torrijos,1,NO,NO,NO
sant_vicenc_de_castellet,1,NO,SI,NO
montblanc,1,NO,NO,NO
fuente_del_arco,1,NO,NO,NO
pesquera,1,NO,SI,NO
linares,1,NO,NO,NO
arraia_maeztu,1,NO,NO,NO
sils,1,NO,NO,NO
osuna,1,NO,NO,NO
balenya,1,NO,SI,NO
san_sebastian_de_los_reyes,1,NO,SI,NO
riba_la,1,NO,NO,NO
santos_de_maimona_los,1,NO,NO,NO
gibraleon,1,NO,NO,NO
morata_de_jalon,1,NO,NO,NO
fregenal_de_la_sierra,1,NO,NO,NO
alzira,1,NO,SI,NO
carracedelo,1,NO,NO,NO
ametlla_de_mar_l_,1,NO,NO,NO
valdemoro,1,NO,SI,NO
torrelodones,1,NO,SI,NO
hostalric,1,NO,SI,NO
pomar_de_valdivia,1,NO,NO,NO
longares,1,NO,NO,NO
albacete,1,SI,NO,NO
meco,1,NO,SI,NO
utebo,1,NO,SI,NO
canaveral,1,NO,NO,NO
caudiel,1,NO,SI,NO
borges_del_camp_les,1,NO,NO,NO
villagaton,1,NO,NO,NO
carmona,1,NO,SI,NO
parets_del_valles,1,NO,SI,NO
ayerbe,1,NO,NO,NO
gudina_a,1,NO,NO,NO
culleredo,1,NO,NO,NO
valencina_de_la_concepcion,1,NO,SI,NO
arahal,1,NO,NO,NO
sant_vicenc_de_torello,1,NO,SI,NO
altafulla,1,NO,NO,NO
sant_celoni,1,NO,SI,NO
uharte_arakil,1,NO,NO,NO
vinaros,1,NO,NO,NO
guadarrama,1,NO,NO,NO
becerril_de_campos,1,NO,NO,NO
ramales_de_la_victoria,1,NO,NO,SI
salvatierra,1,NO,NO,NO
soutomaior,1,SI,NO,NO
alfaro,1,NO,NO,NO
tarrega,1,NO,NO,NO
carbajales_de_alba,1,NO,NO,NO
cornella_de_llobregat,1,NO,SI,NO
navalmoral_de_la_mata,1,NO,NO,NO
ikaztegieta,1,NO,SI,NO
aldealengua,1,NO,NO,NO
paredes_de_nava,1,NO,NO,NO
oropesa,1,NO,NO,NO
meliana,1,NO,SI,NO
sant_pol_de_mar,1,NO,SI,NO
vallada,1,NO,SI,NO
cabanas,1,NO,NO,NO
pozaldez,1,NO,NO,NO
castuera,1,NO,NO,NO
tardienta,1,SI,NO,NO
villafranca,1,NO,NO,NO
begonte,1,NO,NO,NO
benalua,1,NO,NO,NO
bell_lloc_d_urgell,1,NO,NO,NO
san_bartolome_de_la_torre,1,NO,NO,NO
ontinyent,1,NO,NO,NO
cebanico,1,NO,NO,SI
pobla_de_massaluca_la,1,NO,NO,NO
fabara,1,NO,NO,NO
ormaiztegi,1,NO,SI,NO
pobra_do_brollon_a,1,NO,NO,NO
sabinan,1,NO,NO,NO
pineda_de_mar,1,NO,SI,NO
agullent,1,NO,NO,NO
ariza,1,NO,NO,NO
pontedeume,1,NO,NO,NO
casas_de_millan,1,NO,NO,NO
itsasondo,1,NO,SI,NO
benaojan,1,NO,NO,NO
soneja,1,NO,SI,NO
quintana_del_puente,1,NO,NO,NO
camporrobles,1,NO,NO,NO
ripoll,1,NO,SI,NO
villanueva_de_gallego,1,NO,NO,NO
san_justo_de_la_vega,1,NO,NO,NO
llosa_la,1,NO,SI,NO
baides,1,NO,NO,NO
trucios_turtzioz,1,NO,NO,SI
montaverner,1,NO,NO,NO
zarzalejo,1,NO,NO,NO
pina_de_campos,1,NO,NO,NO
albaida,1,NO,NO,NO
calasparra,1,NO,NO,NO
hellin,1,NO,NO,NO
collado_mediano,1,NO,SI,NO
monzon,1,NO,NO,NO
aguilar_de_segarra,1,NO,NO,NO
catoira,1,NO,NO,NO
matapozuelos,1,NO,NO,NO
fuentes_de_onoro,1,NO,NO,NO
caldes_d_estrac,1,NO,SI,NO
condado_de_trevino,1,NO,NO,NO
cardenosa,1,NO,NO,NO
granen,1,NO,NO,NO
palma_del_rio,1,NO,NO,NO
cortegana,1,NO,NO,NO
flaca,1,NO,NO,NO
ateca,1,NO,NO,NO
tafalla,1,NO,NO,NO
chilches,1,NO,SI,NO
porrino_o,1,NO,NO,NO
manlleu,1,NO,SI,NO
san_morales,1,NO,NO,NO
villadoz,1,NO,NO,NO
badules,1,NO,NO,NO
vilamartin_de_valdeorras,1,NO,NO,NO
irixo_o,1,NO,NO,NO
muel,1,NO,NO,NO
riba_roja_d_ebre,1,NO,NO,NO
grajal_de_campos,1,NO,NO,NO
pizarra,1,NO,SI,NO
bordils,1,NO,NO,NO
santa_margarida_i_els_monjos,1,NO,SI,NO
villabona,1,NO,SI,NO
loja,1,NO,NO,NO
santa_eulalia,1,NO,NO,NO
cambrils,1,NO,NO,NO
ciempozuelos,1,NO,SI,NO
algimia_de_alfara,1,NO,SI,NO
toro,1,NO,NO,NO
llanca,1,NO,NO,NO
dehesa_de_montejo,1,NO,NO,SI
algemesi,1,NO,SI,NO
jodar,1,NO,NO,NO
monforte_de_lemos,1,NO,NO,NO
tavernes_de_la_valldigna,1,NO,SI,NO
haro,1,NO,NO,NO
burgos,1,NO,NO,NO
portbou,1,NO,NO,NO
entrambasaguas,1,NO,NO,SI
pedroso_el,1,NO,SI,NO
cazalla_de_la_sierra,1,NO,SI,NO
astorga,1,NO,NO,NO
camarles,1,NO,NO,NO
gomecello,1,NO,NO,NO
rabade,1,NO,NO,NO
puertollano,1,SI,NO,NO
blanes,1,NO,SI,NO
ronda,1,NO,NO,NO
golmes,1,NO,NO,NO
genoves,1,NO,NO,NO
viladecans,1,NO,SI,NO
ferreruela,1,NO,NO,NO
vila_real,1,NO,SI,NO
malgrat_de_mar,1,NO,SI,NO
pasaia,1,NO,SI,NO
terrer,1,NO,NO,NO
guadix,1,NO,NO,NO
escacena_del_campo,1,NO,NO,NO
calamonte,1,NO,NO,NO
sant_miquel_de_fluvia,1,NO,NO,NO
sant_joan_despi,1,NO,SI,NO
manzanares,1,NO,NO,NO
pontecesures,1,NO,NO,NO
sabinanigo,1,NO,NO,NO
ponferrada,1,NO,NO,NO
narros_del_castillo,1,NO,NO,NO
seva,1,NO,SI,NO
erustes,1,NO,NO,NO
torreblanca,1,NO,NO,NO
castellon_de_la_plana,1,NO,SI,NO
granada_la,1,NO,SI,NO
burela,1,NO,NO,SI
guiamets_els,1,NO,NO,NO
bufali,1,NO,NO,NO
librilla,1,NO,SI,NO
neda,1,NO,NO,NO
salomo,1,NO,NO,NO
castejon,1,NO,NO,NO
alonsotegi,1,NO,NO,SI
penaranda_de_bracamonte,1,NO,NO,NO
muskiz,1,NO,SI,NO
marchena,1,NO,NO,NO
villafranca_de_los_barros,1,NO,NO,NO
ayala,1,NO,SI,NO
valdepenas,1,NO,NO,NO
alcoy,1,NO,NO,NO
beniel,1,NO,SI,NO
gava,1,NO,SI,NO
riudellots_de_la_selva,1,NO,NO,NO
villacanas,1,NO,NO,NO
villafranca_del_campo,1,NO,NO,NO
moncofa,1,NO,SI,NO
ricla,1,NO,NO,NO
arenys_de_mar,1,NO,SI,NO
sant_andreu_de_llavaneres,1,NO,SI,NO
puebla_de_sanabria,1,NO,NO,NO
castrejon_de_la_pena,1,NO,NO,SI
rua_a,1,NO,NO,NO
sarinena,1,NO,NO,NO
capcanes,1,NO,NO,NO
maria_de_huerva,1,NO,NO,NO
duenas,1,NO,NO,NO
arriate,1,NO,NO,NO
santovenia_de_la_valdoncina,1,NO,NO,NO
sotonera_la,1,NO,NO,NO
vandellos_i_l_hospitalet_de_l_infant,1,NO,NO,NO
congosto,1,NO,NO,NO
niebla,1,NO,NO,NO
logrono,1,NO,NO,NO
talavera_de_la_reina,1,NO,NO,NO
tapia_de_casariego,1,NO,NO,SI
montmelo,1,NO,SI,NO
centelles,1,NO,SI,NO
ulldecona,1,NO,NO,NO
avila,1,NO,NO,NO
iznalloz,1,NO,NO,NO
ciudad_rodrigo,1,NO,NO,NO
pedrola,1,NO,NO,NO
calella,1,NO,SI,NO
osorno_la_mayor,1,NO,NO,NO
merida,1,NO,NO,NO
alcanadre,1,NO,NO,NO
tordera,1,NO,SI,NO
anoeta,1,NO,SI,NO
ribaforada,1,NO,NO,NO
santiago_de_compostela,1,SI,NO,NO
vilabella,1,NO,NO,NO
manzanal_de_arriba,1,NO,NO,NO
iruna_oka,1,NO,NO,NO
novelda,1,NO,NO,NO
borriana,1,NO,SI,NO
villarrasa,1,NO,NO,NO
rubielos_de_mora,1,NO,NO,NO
cabezas_de_san_juan_las,1,NO,SI,NO
barrios_los,1,NO,NO,NO
arija,1,NO,NO,SI
montearagon,1,NO,NO,NO
barro,1,NO,NO,NO
puigverd_de_lleida,1,NO,NO,NO
azuqueca_de_henares,1,NO,SI,NO
quinto,1,NO,NO,NO
caldes_de_malavella,1,NO,NO,NO
premia_de_mar,1,NO,SI,NO
reus,1,NO,NO,NO
villar_y_velasco,1,NO,NO,NO
castellbell_i_el_vilar,1,NO,SI,NO
sant_sadurni_d_anoia,1,NO,SI,NO
cisneros,1,NO,NO,NO
navalperal_de_pinares,1,NO,NO,NO
cullera,1,NO,SI,NO
valdetorres,1,NO,NO,NO
tarancon,1,NO,NO,NO
bembibre,1,NO,NO,NO
don_benito,1,NO,NO,NO
benacazon,1,NO,SI,NO
santa_cruz_de_mudela,1,NO,NO,NO
argentera_l_,1,NO,NO,NO
aldaia,1,NO,SI,NO
riotuerto,1,NO,NO,SI
cubillas_de_santa_marta,1,NO,NO,NO
oropesa_del_mar,1,NO,NO,NO
romeral_el,1,NO,NO,NO
garriga_la,1,NO,SI,NO
ocana,1,NO,NO,NO
barco_de_valdeorras_o,1,NO,NO,NO
calahorra,1,NO,NO,NO
arakaldo,1,NO,SI,NO
mollerussa,1,NO,NO,NO
riudecanyes,1,NO,NO,NO
anglesola,1,NO,NO,NO
siete_aguas,1,NO,SI,NO
guarena,1,NO,NO,NO
villora,1,NO,NO,NO
ribadavia,1,NO,NO,NO
valencia_de_alcantara,1,NO,NO,NO
santa_cruz_de_la_zarza,1,NO,NO,NO
samper_de_calanda,1,NO,NO,NO
llosses_les,1,NO,SI,NO
cortes,1,NO,NO,NO
nonaspe,1,NO,NO,NO
villanueva_de_la_serena,1,NO,NO,NO
granada,1,NO,NO,NO
jaca,1,NO,NO,NO
caminreal,1,NO,NO,NO
carcaixent,1,NO,SI,NO
arguisuelas,1,NO,NO,NO
pamplona,1,NO,NO,NO
puig_de_santa_maria_el,1,NO,SI,NO
almaden,1,NO,NO,NO
maside,1,NO,NO,NO
navajas,1,NO,SI,NO
vic,1,NO,SI,NO
callosa_de_segura,1,NO,SI,NO
vilaverd,1,NO,NO,NO
barracas,1,NO,NO,NO
martorell,1,NO,SI,NO
alegria_dulantzi,1,NO,NO,NO
gualba,1,NO,SI,NO
salamanca,1,NO,NO,NO
mora_de_rubielos,1,NO,NO,NO
cenlle,1,NO,NO,NO
andujar,1,NO,NO,NO
hazas_de_cesto,1,NO,NO,SI
luceni,1,NO,NO,NO
fresno_el_viejo,1,NO,NO,NO
ordes,1,NO,NO,NO
cardedeu,1,NO,SI,NO
alcantarilla,1,NO,SI,NO
villada,1,NO,NO,NO
vitoria_gasteiz,1,NO,NO,NO
villaquiran_de_los_infantes,1,NO,NO,NO
lodosa,1,NO,NO,NO
lora_del_rio,1,NO,SI,NO
malpartida_de_plasencia,1,NO,NO,NO
pedroso_de_la_armuna_el,1,NO,NO,NO
fuentes_de_ebro,1,NO,NO,NO
tres_cantos,1,NO,SI,NO
marina_de_cudeyo,1,NO,NO,SI
villarreal_de_huerva,1,NO,NO,NO
beasain,1,NO,SI,NO
almonaster_la_real,1,NO,NO,NO
selva_del_camp_la,1,NO,NO,NO
jerica,1,NO,SI,NO
espinosa_de_villagonzalo,1,NO,NO,NO
cabra_del_santo_cristo,1,NO,NO,NO
valderrey,1,NO,NO,NO
gador,1,NO,NO,NO
cerro_de_andevalo_el,1,NO,NO,NO
manon,1,NO,NO,SI
alcala_de_xivert,1,NO,NO,NO
villanua,1,NO,NO,NO
illescas,1,NO,NO,NO
elda,1,NO,NO,NO
murcia,1,NO,SI,NO
mirabel,1,NO,NO,NO
viana_de_cega,1,NO,NO,NO
benicasim,1,NO,NO,NO
vinaixa,1,NO,NO,NO
fornells_de_la_selva,1,NO,NO,NO
almansa,1,NO,NO,NO
zaida_la,1,NO,NO,NO
massalfassar,1,NO,SI,NO
mengibar,1,NO,NO,NO
chillaron_de_cuenca,1,NO,NO,NO
robla_la,1,NO,NO,NO
palencia,1,SI,NO,NO
neves_as,1,NO,NO,NO
barbera_del_valles,1,NO,SI,NO
vilajuiga,1,NO,NO,NO
torello,1,NO,SI,NO
merindad_de_sotoscueva,1,NO,NO,SI
olite,1,NO,NO,NO
arevalo,1,NO,NO,NO
norena,1,NO,NO,SI
arteixo,1,NO,NO,NO
vilches,1,NO,NO,NO
san_vicente_de_alcantara,1,NO,NO,NO
cieza,1,NO,NO,NO
caudete,1,NO,NO,NO
limpias,1,NO,NO,SI
mont_roig_del_camp,1,NO,NO,NO
portugalete,1,NO,SI,NO
sant_marti_de_centelles,1,NO,SI,NO
karrantza_harana,1,NO,NO,SI
tudela,1,NO,NO,NO
collado_villalba,1,NO,SI,NO
brenes,1,NO,SI,NO
paracuellos_de_la_ribera,1,NO,NO,NO
figaro_montmany,1,NO,SI,NO
franco_el,1,NO,NO,SI
algeciras,1,NO,NO,NO
alcolea_del_rio,1,NO,SI,NO
urduna,1,NO,SI,NO
nava_del_rey,1,NO,NO,NO
almenara,1,NO,SI,NO
molinos_los,1,NO,SI,NO
puerto_lumbreras,1,NO,SI,NO
zumarraga,1,NO,SI,NO
mataro,1,NO,SI,NO
chiva,1,NO,SI,NO
cantillana,1,NO,SI,NO
moriscos,1,NO,NO,NO
lleida,1,SI,NO,NO
rueda_de_jalon,1,NO,NO,NO
venta_de_banos,1,NO,NO,NO
miranda_de_ebro,1,NO,NO,NO
sant_quirze_de_besora,1,NO,SI,NO
quero,1,NO,NO,NO
vila_seca,1,NO,NO,NO
benifaio,1,NO,SI,NO
mogente,1,NO,SI,NO
guadiana_del_caudillo,1,NO,NO,NO
vilafranca_del_penedes,1,NO,SI,NO
gineta_la,1,NO,NO,NO
lalin,1,NO,NO,NO
san_vicente_del_raspeig,1,NO,SI,NO
salvaterra_de_mino,1,NO,NO,NO
cubelles,1,NO,SI,NO
toral_de_los_vados,1,NO,NO,NO
rajadell,1,NO,NO,NO
salillas_de_jalon,1,NO,NO,NO
manuel,1,NO,SI,NO
agres,1,NO,NO,NO
cella,1,NO,NO,NO
santa_marina_del_rey,1,NO,NO,NO
quintana_redonda,1,NO,NO,NO
san_roque,1,NO,NO,NO
crespos,1,NO,NO,NO
legazpi,1,NO,SI,NO
soria,1,NO,NO,NO
villanueva_de_las_manzanas,1,NO,NO,NO
arboc_l_,1,NO,SI,NO
villanueva_del_rio_y_minas,1,NO,SI,NO
borges_blanques_les,1,NO,NO,NO
badalona,1,NO,SI,NO
toses,1,NO,SI,NO
espeluy,1,NO,NO,NO
zuera,1,NO,NO,NO
alar_del_rey,1,NO,NO,NO
llinars_del_valles,1,NO,SI,NO
gaucin,1,NO,NO,NO
ribas_de_sil,1,NO,NO,NO
coles,1,NO,NO,NO
vilanova_i_la_geltru,1,NO,SI,NO
alegia,1,NO,SI,NO
setenil_de_las_bodegas,1,NO,NO,NO
lezo,1,NO,SI,NO
robledo_de_chavela,1,NO,NO,NO
grisen,1,NO,NO,NO
marca,1,NO,NO,NO
almagro,1,NO,NO,NO
gergal,1,NO,NO,NO
cumbres_mayores,1,NO,NO,NO
bubierca,1,NO,NO,NO
humanes,1,NO,NO,NO
onati,1,NO,SI,NO
fromista,1,NO,NO,NO
pobla_del_duc_la,1,NO,NO,NO
massanassa,1,NO,SI,NO
monreal_de_ariza,1,NO,NO,NO
vimbodi_i_poblet,1,NO,NO,NO
peroxa_a,1,NO,NO,NO
pinto,1,NO,SI,NO
carballeda_de_valdeorras,1,NO,NO,NO
san_pedro_del_arroyo,1,NO,NO,NO
magaz_de_pisuerga,1,NO,NO,NO
santa_maria_de_palautordera,1,NO,SI,NO
posadas,1,NO,NO,NO
amusco,1,NO,NO,NO
totana,1,NO,SI,NO
xativa,1,NO,SI,NO
cortes_de_la_frontera,1,NO,NO,NO
navas_del_marques_las,1,NO,NO,NO
vilamalla,1,NO,NO,NO
roda_la,1,NO,NO,NO
cabanas_de_ebro,1,NO,NO,NO
benetusser,1,NO,SI,NO
sant_jordi_desvalls,1,NO,NO,NO
jabugo,1,NO,NO,NO
sarrion,1,NO,NO,NO
barruelo_de_santullan,1,NO,NO,SI
loriguilla,1,NO,SI,NO
carrion_de_los_cespedes,1,NO,NO,NO
encinacorba,1,NO,NO,NO
penaflor,1,NO,NO,NO
majadahonda,1,NO,SI,NO
humanes_de_madrid,1,NO,SI,NO
silla,1,NO,SI,NO
lebrija,1,NO,SI,NO
mora_la_nova,1,NO,NO,NO
gallur,1,NO,NO,NO
matillas,1,NO,NO,NO
corcos,1,NO,NO,NO
arcos_de_jalon,1,NO,NO,NO
nulles,1,NO,NO,NO
macanet_de_la_selva,1,NO,SI,NO
sant_feliu_de_llobregat,1,NO,SI,NO
briviesca,1,NO,NO,NO
finana,1,NO,NO,NO
puebla_de_hijar_la,1,NO,NO,NO
nules,1,NO,SI,NO
brazatortas,1,NO,NO,NO
sant_guim_de_freixenet,1,NO,NO,NO
lierganes,1,NO,NO,SI
ciudad_real,1,SI,NO,NO
ferreruela_de_huerva,1,NO,NO,NO
flix,1,NO,NO,NO
utrera,1,NO,SI,NO
villahermosa_del_campo,1,NO,NO,NO
yunquera_de_henares,1,NO,NO,NO
floresta_la,1,NO,NO,NO
asco,1,NO,NO,NO
almeria,1,NO,NO,NO
teverga,1,NO,NO,SI
salinas_de_pisuerga,1,NO,NO,SI
espluga_de_francoli_l_,1,NO,NO,NO
guadalcanal,1,NO,NO,NO
teo,1,NO,NO,NO
ribes_de_freser,1,NO,SI,NO
castellar_de_la_frontera,1,NO,NO,NO
sax,1,NO,NO,NO
archena,1,NO,NO,NO
quiroga,1,NO,NO,NO
parla,1,NO,SI,NO
noblejas,1,NO,NO,NO
morelabor,1,NO,NO,NO
campillo_el,1,NO,NO,NO
navas_de_riofrio,1,NO,NO,NO
alhama_de_murcia,1,NO,SI,NO
casatejada,1,NO,NO,NO
monreal_del_campo,1,NO,NO,NO
lugo,1,NO,NO,NO
vegadeo,1,NO,NO,SI
carpio,1,NO,NO,NO
alfoz_de_lloredo,1,NO,NO,SI
cabezon_de_pisuerga,1,NO,NO,NO
sanlucar_la_mayor,1,NO,SI,NO
coslada,1,NO,SI,NO
jaen,1,NO,NO,NO
colmenar_viejo,1,NO,SI,NO
villarrobledo,1,NO,NO,NO
garrovilla_la,1,NO,NO,NO
santiurde_de_reinosa,1,NO,SI,NO
carinena,1,NO,NO,NO
grijota,1,NO,NO,NO
pitiegua,1,NO,NO,NO
real_sitio_de_san_ildefonso,1,NO,SI,NO
montesa,1,NO,SI,NO
villanueva_de_cordoba,1,SI,NO,NO
toledo,1,SI,NO,NO
daimiel,1,NO,NO,NO
pobla_llarga_la,1,NO,SI,NO
almargen,1,NO,NO,NO
manresa,1,NO,SI,NO
agoncillo,1,NO,NO,NO
llagosta_la,1,NO,SI,NO
santa_maria_de_huerta,1,NO,NO,NO
pucol,1,NO,SI,NO
legorreta,1,NO,SI,NO
torrijo_del_campo,1,NO,NO,NO
carballino_o,1,NO,NO,NO
llerena,1,NO,NO,NO
benicarlo,1,NO,NO,NO
plasencia,1,NO,NO,NO
celra,1,NO,NO,NO
almendralejo,1,NO,NO,NO
albuixech,1,NO,SI,NO
minaya,1,NO,NO,NO
juneda,1,NO,NO,NO
castellnou_de_seana,1,NO,NO,NO
jimera_de_libar,1,NO,NO,NO
jadraque,1,NO,NO,NO
tardelcuende,1,NO,NO,NO
marcilla,1,NO,NO,NO
yemeda,1,NO,NO,NO
subirats,1,NO,SI,NO
burgo_ranero_el,1,NO,NO,NO
zamora,1,SI,NO,NO
castiello_de_jaca,1,NO,NO,NO
almazan,1,NO,NO,NO
torredembarra,1,NO,NO,NO
cerceda,1,SI,NO,NO
epila,1,NO,NO,NO
huesca,1,SI,NO,NO
calatorao,1,NO,NO,NO
guadalmez,1,NO,NO,NO
pancorbo,1,NO,NO,NO
tembleque,1,NO,NO,NO
puente_genil,1,SI,NO,NO
pedrera,1,NO,NO,NO
socuellamos,1,NO,NO,NO
sant_cugat_del_valles,1,NO,SI,NO
ontigola,1,NO,NO,NO
ortigosa_del_monte,1,NO,NO,NO
herradon_de_pinares,1,NO,NO,NO
cervera,1,NO,NO,NO
canada_del_hoyo,1,NO,NO,NO
alagon,1,NO,NO,NO
campanario,1,NO,NO,NO
ugao_miraballes,1,NO,SI,NO
riells_i_viabrea,1,NO,SI,NO
xeraco,1,NO,SI,NO
plasencia_de_jalon,1,NO,NO,NO
saus_camallera_i_llampaies,1,NO,NO,NO
campo_de_criptana,1,NO,NO,NO
ribera_baja,1,NO,NO,NO
ribadedeva,1,NO,NO,SI
colera,1,NO,NO,NO
bellpuig,1,NO,NO,NO
planoles,1,NO,SI,NO
estivella,1,NO,SI,NO
gelida,1,NO,SI,NO
molins_de_rei,1,NO,SI,NO
palma_del_condado_la,1,NO,NO,NO
pradell_de_la_teixeta,1,NO,NO,NO
valdepielago,1,NO,NO,SI
rubi,1,NO,SI,NO
villasequilla,1,NO,NO,NO
gilet,1,NO,SI,NO
teruel,1,NO,NO,NO
alcover,1,NO,NO,NO
aldea_l_,1,NO,NO,NO
sant_marti_sesgueioles,1,NO,NO,NO
cheste,1,NO,SI,NO
cocentaina,1,NO,NO,NO
